M9701,Macro,_,1000,1000,940,860,790,740,680,640,620,650,730,750,700,700,740,760,760,780,_,_,908.0626928,888.014946,883.4900914,877.4782302,872.3579411,864.0233908,863.2223195,860.786464,857.8218317,849.513946,839.8614185,836.290136,829.2828646,824.0945943,817.5603433,812.369716,807.9453001,800.736419,_,13.91520493,_,24.663527,14.00738143,12.21794646,21.19783164,20.09513954,13.35326766,11.99772552,_,14.00438573,40.87430477,27.39526429,28.07086712,23.05298713,32.47883256,_,_,_,3.500700276,_,6.633281168,3.529023849,3.045709861,5.565017377,5.23804618,3.153071784,2.880934163,_,3.550752496,12.52164841,7.527661046,7.746307464,6.133823561,9.237434209
M9702,Macro,_,8800,8900,8600,8000,7500,7300,7400,7500,7300,6900,6300,5600,5300,5200,5300,5300,4900,4800,_,_,7507.838319,7502.173437,7488.782156,7566.612,7619.924832,7617.341314,7560.383494,7535.853745,7582.371375,7671.006144,7734.542169,7850.528849,7835.163246,7829.498363,7816.107082,7893.936926,7947.249758,7944.66624,_,21.24759261,_,24.73952778,61.85368312,39.44116247,39.44115916,43.98037512,66.679428,41.4976284,_,23.81960644,61.85380097,26.80812807,40.48702186,19.22302221,18.18834218,_,_,_,3.608008544,_,4.331298331,15.7752913,7.866011146,7.866010263,9.248524649,8.333920692,5.837606544,_,4.148889436,15.77533578,4.882296949,8.234288632,3.206674605,3.002849003
M9703,Macro,_,1300,1160,1080,1040,1000,960,930,940,960,930,910,970,1060,1140,1200,1190,1050,900,_,_,1419.622138,1419.640542,1411.782444,1414.058975,1405.716646,1391.554337,1379.787377,1375.056655,1374.588083,1370.549378,1357.039255,1339.548297,1331.868466,1324.211579,1317.489338,1319.437524,1312.295552,1300.153003,_,27.45434489,_,30.68571904,17.42924932,30.68599555,21.54852118,22.54451314,13.87961235,13.35915419,_,13.89396266,19.23832618,70.04823895,33.06515586,31.90152792,42.26463954,_,_,_,4.150158439,_,4.729323308,2.488186636,4.729374485,3.12995982,3.303384711,1.908456576,1.822849383,_,1.938980735,2.485380117,14.95619502,5.328614265,4.956529369,7.030031112
M9704,Macro,_,1990,2020,1990,1940,1940,1890,1820,1800,1760,1710,1670,1620,1580,1560,1540,1490,1430,1380,_,_,2051.042836,1997.326359,2021.498607,1957.627336,1975.638052,1938.535536,1957.230202,1901.901642,1916.838127,1871.573441,1887.789642,1842.749473,1894.707478,1842.564689,1865.901859,1804.249639,1821.630524,1785.829063,_,10.50443616,_,14.13801748,2.976499967,3.159026023,10.58444131,8.616820768,7.730604411,3.184095337,_,10.30694191,2.975799249,16.81748987,9.0239772,17.45876177,30.20882479,_,_,_,2.470363976,_,3.428124301,0.729875717,0.77250349,2.487824504,1.992190402,1.842372502,0.710429148,_,2.439063102,0.729711603,4.175501492,2.099797491,4.356698479,8.235681368
M9705,Macro,_,900,880,810,770,770,780,760,720,750,760,730,710,700,650,630,690,730,740,_,_,876.189588,904.7528888,875.521517,868.5727464,843.6527532,814.6057182,796.856408,785.5854734,771.8313122,753.9530354,734.52599,712.0400664,692.9041676,678.9536844,670.4349138,665.5354756,645.7977304,622.8132471,_,5.632931491,_,20.84654032,89.49265957,89.47076915,3.888858499,13.16203538,39.3521976,43.56770624,_,19.03269549,89.48195623,28.48772157,6.330506426,31.76800279,51.12921956,_,_,_,0.786750921,_,3.18782344,7.432221101,7.430446505,0.530466308,1.587185024,6.781779848,7.711862915,_,2.904676324,7.431354642,4.654439546,0.877789235,5.232243929,9.516095523
M9706,Macro,_,6200,5500,5100,5100,5200,5300,5700,5800,5300,4500,3900,3700,3800,4000,4300,4700,4900,4900,_,_,6897.928571,6898.886643,6799.887466,6554.107645,6414.693538,6325.555041,6186.004495,6045.311646,6002.86485,6058.294938,6044.973179,6013.794953,6039.530761,6040.488833,5941.489656,5695.709836,5556.295728,5467.157231,_,23.95717028,_,36.47135316,15.06248026,27.32255186,27.3964642,23.86648443,14.90822303,14.96577663,_,17.13550803,15.06420424,32.26642742,18.8572338,38.18506577,47.36823366,_,_,_,3.858511064,_,6.368731563,2.189723641,4.473157983,4.487537675,3.836714513,2.24590998,2.258333596,_,2.637076232,2.189773845,5.589145862,2.959379833,6.750075338,8.926313864
M9707,Macro,_,940,890,860,910,960,970,910,870,980,1100,1110,1040,950,880,860,850,810,740,_,_,915.6783881,942.9747547,903.9834241,918.7567973,935.3160128,953.8689899,907.0215638,937.2646492,944.6617571,945.0835817,887.2771882,901.5683816,905.8811362,932.6665888,894.4017201,908.9024729,925.1522993,943.3538723,_,7.800128525,_,8.671899521,10.85628686,10.27675546,10.27677131,9.834539313,86.70127639,82.45974217,_,15.27659494,14.38025857,12.60039575,9.131904112,8.85093125,7.996349406,_,_,_,1.654971406,_,1.844369622,2.344243161,2.205578667,2.20558229,2.10595368,12.6010772,12.13216101,_,3.019974289,3.205387205,2.681446212,1.941063068,1.883893343,1.696951636
M9708,Macro,_,5400,4700,4400,4300,4300,4600,4800,4200,3300,3100,3200,3200,3300,3300,3300,3000,2500,2200,_,_,5661.546351,5100.908894,5676.041173,4798.9322,5396.789052,4398.624212,4897.538865,4013.839044,4762.892792,3873.710444,4464.323026,3553.527342,4288.297993,3544.537391,4132.718647,3250.203306,3851.862979,2847.001101,_,17.58869805,_,47.04543554,85.81940085,64.13805666,64.13121934,68.36143071,53.1795167,51.43642741,_,59.64234201,85.81460884,63.45653054,71.96398706,58.8497635,74.48082373,_,_,_,1.494965809,_,4.795815296,13.18693837,7.55914219,7.557863163,8.5135095,5.672734142,5.409872144,_,6.736959449,13.18542569,7.619487161,9.180624099,6.843585571,9.471049062
M9710,Macro,_,6400,5500,5000,4700,4000,3700,3900,4100,4500,4900,5600,6600,6800,5900,5000,4600,4400,4100,_,_,7577.446537,7888.651353,8046.836679,7879.819444,8018.26702,8102.192721,8034.210076,7935.36018,7910.590079,7843.633224,7694.46667,7573.299675,7748.722931,8059.927747,8218.113073,8051.095838,8189.543414,8273.469115,_,46.97652756,_,39.04088454,38.36285153,39.04127678,27.49294893,24.52859921,24.53376386,29.01692019,_,19.92109498,38.37046599,44.94649766,24.88346253,41.94826394,40.66999205,_,_,_,6.585882195,_,5.148148148,3.752686146,5.14821483,3.323297262,2.943101524,2.56300938,2.8624579,_,2.280556821,3.75308642,6.28367598,2.994958951,5.655365717,5.427942387
M9711,Macro,_,5000,5000,4800,4600,4300,4000,3800,3900,4400,4800,4900,5100,5300,5400,5700,5500,4800,4200,_,_,4709.243262,4479.141326,4435.621702,4467.492592,4542.490782,4556.578347,4479.152111,4375.459609,4301.725917,4237.923928,4216.2962,4159.440495,4057.790445,4005.530569,3991.978458,4017.62164,4088.557995,4101.886131,_,14.73138417,_,9.563698154,20.1163809,11.51107671,11.5918638,10.64741862,78.0700025,57.83950826,_,21.06313214,20.94196735,16.47134031,11.96149749,10.53695579,11.87099812,_,_,_,2.931610944,_,1.949044586,3.790700481,2.381957291,2.400413561,2.168293753,11.59142345,9.140709589,_,3.936118171,4.76433121,3.619867636,2.484544675,2.161340984,2.460581898
M9712,Macro,_,930,870,840,840,860,860,800,730,710,750,790,770,720,710,730,750,740,690,_,_,1035.446466,1053.973316,1080.945955,1044.654507,1038.658651,1046.534229,1057.866941,1063.835176,1064.864556,1055.087916,1045.231464,1044.05905,1074.641813,1089.633433,1094.090328,1061.00701,1054.911549,1062.917966,_,30.30347988,_,24.68104569,76.16048188,4.778580824,4.757468209,9.15980626,64.36010393,4.501739984,_,6.398516151,76.16166722,27.78534657,8.174907385,27.10944429,30.35442475,_,_,_,7.04387229,_,5.532251352,9.041069465,0.949999574,0.945724569,1.672260658,9.187073873,0.864158091,_,1.285692329,9.041198502,6.374957866,1.53176232,6.174181091,7.051295651
M9713,Macro,_,5100,5500,5600,5400,5300,5100,5100,5500,5600,5200,5000,4900,4600,4300,4200,3900,3500,3100,_,_,5264.186979,5051.557623,4850.333071,4615.778787,4558.617971,4503.335905,4308.97643,4091.962516,3951.447251,3869.545409,3761.517454,3632.829951,3566.865493,3368.331238,3180.974171,2963.295173,2910.371515,2859.236317,_,20.45164469,_,13.08751632,13.08758643,13.0960092,13.08847317,13.08785864,10.44268658,11.72351019,_,16.39876149,13.08751632,13.1577172,12.04284159,31.36526901,43.99249806,_,_,_,2.863773355,_,1.960846561,1.960857354,1.96213212,1.960993131,1.960899015,1.620630697,1.761722223,_,2.44605846,1.960846561,1.993459181,1.80790847,5.706992903,8.588083386
M9716,Macro,_,3700,3500,3500,3500,3700,3900,3800,3600,3400,3100,2900,3000,3100,3200,3200,3300,3500,3600,_,_,4618.880582,4568.375671,4439.170512,4555.393946,4306.758387,4173.694365,4106.197862,4054.51851,4002.310126,3983.291094,3914.464757,3829.434446,3927.779659,3877.274748,3748.069588,3864.293023,3615.657463,3482.593442,_,17.55912726,_,23.18474268,11.65252729,151.3866877,36.06164943,7.175974987,17.29767967,14.60924273,_,5.627565924,151.6437683,36.90102518,49.29188579,34.85310155,44.07909493,_,_,_,2.154058101,_,2.901771337,1.368334608,15.75156526,3.315055529,0.817984586,2.125781468,1.756105049,_,0.619430738,15.82286634,5.07309063,3.923164867,4.701742349,6.300482596
M9717,Macro,_,4800,4900,4900,4400,3700,3300,3100,3000,3400,4100,4800,4800,4400,3800,3500,3600,3900,4100,_,_,4307.978387,4401.090461,4600.852763,4446.611648,4668.885882,4709.340784,4833.364279,4865.417672,4915.068539,4843.976516,4871.793133,4893.701907,4892.20044,4977.094245,5196.936102,5027.208833,5271.762614,5316.246538,_,22.2293781,_,15.28766881,43.94872773,24.3289541,24.3345864,28.58322559,200,161.0976902,_,26.87740127,43.95263107,25.31876984,11.919569,14.1020458,18.14510565,_,_,_,3.217630601,_,2.086235489,7.798906321,3.584924694,3.585932218,4.377587248,13.62631288,11.97208366,_,3.13174753,7.799889442,2.814696379,1.609782657,1.910036331,2.40284305
M9718,Macro,_,5200,5100,4800,4500,4200,3600,3000,2800,2900,2700,2600,2700,2900,2800,2600,2500,2400,2400,_,_,5374.84316,5397.636147,5416.290121,4945.180473,4968.246147,5053.694622,5202.481807,5231.731361,5225.082808,5249.442206,5221.735154,5225.97805,5247.469108,5270.262094,5288.916068,4817.80642,4840.872095,4926.32057,_,46.33196782,_,50.52698092,41.28615133,32.95145692,32.94744137,41.87139207,150.6565432,100.0112291,_,12.35770332,46.90432595,48.68599791,17.15207457,51.40485938,54.04040194,_,_,_,5.36056793,_,6.054131054,4.565819267,3.384238489,3.38370863,4.649412557,7.860092919,5.820598149,_,1.11408939,2.389363723,5.906460927,1.652120233,6.205446046,6.667648623
M9719,Macro,_,4700,5000,5200,4900,4600,4400,4900,5700,5900,5300,4600,4300,4100,3800,3600,3500,3500,3700,_,_,5271.001254,5202.310444,5209.941906,4445.132421,4558.189703,4648.616995,4532.955314,4361.978048,4270.103567,4341.918208,4412.186237,4399.244967,4475.080501,4406.389691,4414.021153,3649.211667,3762.26895,3852.696242,_,10.21048614,_,18.61950484,12.48415266,18.62037338,29.4440818,10.72718009,10.80253794,33.20572994,_,13.54624453,142.2079217,19.00512967,50.55345644,23.50606639,28.38056787,_,_,_,1.118581543,_,2.073815074,1.338407985,2.073926336,2.793763592,1.150449708,1.253766576,3.097891269,_,1.447254186,11.74281274,2.133696378,3.962876873,2.724344196,3.414678516
M9720,Macro,_,1210,1160,1120,1110,1080,1050,1070,1090,1100,1130,1120,1060,1000,960,980,1050,1120,1150,_,_,1211.882283,1181.93888,1209.782598,1157.988753,1178.970214,1137.402976,1156.571115,1122.87346,1140.197358,1099.208609,1127.618364,1096.482887,1128.258139,1095.811394,1120.731367,1074.352806,1093.152738,1055.891095,_,5.766509426,_,11.71509619,25.71782966,16.66325562,16.67101029,18.28528635,42.25669415,50.23198856,_,26.79561355,25.71727909,26.22054069,12.17849089,28.00399222,25.41620081,_,_,_,0.920161176,_,1.949820789,4.728436872,2.863040216,2.864513667,3.180914025,5.140253037,6.191707561,_,3.433718196,4.728315412,4.844533546,2.0526841,5.243544284,4.597458905
M9721,Macro,_,5400,5300,5200,5300,5400,5100,4600,4300,4400,4400,4100,4000,4000,4000,3800,3500,3400,3400,_,_,6541.71586,6447.761077,6274.410437,5976.383793,5747.612346,5669.410107,5607.492403,5511.252052,5380.228996,5297.53491,5247.072748,5131.302969,5269.998911,5176.044128,5002.693488,4704.666845,4475.895397,4397.693158,_,21.17447582,_,27.98683824,134.4216544,11.88884994,11.89324218,35.42291846,33.02938773,5.361507271,_,17.47805191,134.3619982,25.38266819,60.7663831,38.27853334,53.90820685,_,_,_,2.75916341,_,3.747555556,11.77132992,1.384781664,1.38527543,3.138654438,4.698475052,0.589190639,_,1.809074033,11.75644444,2.878617335,4.732495485,5.564035505,8.691603556
M9722,Macro,_,6300,6000,6000,5900,5500,5100,4600,4300,4400,4200,4200,4700,5300,5300,4900,4400,4200,4100,_,_,7000.346301,7043.755834,7029.92691,6828.47335,6917.583268,6924.586133,6881.41782,6837.065114,6740.750233,6675.166466,6623.315951,6502.275423,6675.571552,6635.880119,6613.594483,6410.560567,6499.670484,6506.673349,_,31.1443109,_,30.55163122,14.66417839,30.55189011,30.55194086,20.22855553,11.08881181,12.33601566,_,7.421927092,30.55163122,38.39338456,25.96715009,47.06937954,52.15910757,_,_,_,5.536110368,_,5.406727829,1.979508564,5.406783941,5.4067949,3.342293293,1.7214843,1.945485719,_,1.141596284,5.406727829,7.209909207,4.454209617,9.590163279,10.73437187
M9723,Macro,_,5800,5200,4500,4100,3700,3600,3900,4000,3800,3500,3400,3300,3300,3200,2900,2900,2900,3000,_,_,4473.489024,4295.770482,4722.670456,4316.929361,4096.330244,4381.178875,4003.822212,3739.13883,4131.95413,3906.739624,3721.892565,4082.959476,3681.334676,3523.56086,3871.614288,3540.81644,3360.887517,3593.210431,_,13.63486023,_,42.18875975,100.2940088,70.98084842,70.97835108,77.14037582,12.31327447,25.96851548,_,25.70698378,100.2936139,55.83999126,71.15087636,47.45258211,54.09755654,_,_,_,1.633716084,_,5.926605505,26.60067269,12.68608057,12.6853122,15.04768499,1.347045704,2.637201278,_,3.412010761,26.60040775,8.761888463,12.92476899,6.953466375,8.315985729
M9727,Macro,_,930,900,890,900,980,1140,1260,1290,1270,1240,1260,1280,1200,1090,1060,1110,1170,1170,_,_,960.2005402,966.7169539,977.9384837,948.7062333,937.7491313,921.9814931,912.3515835,909.928825,909.9785301,909.5207163,901.7374752,892.5223046,898.5084784,896.4429519,890.6110482,866.153018,856.9548941,843.6890876,_,22.40567895,_,16.47765875,25.61192229,18.87385218,18.96407775,20.2439577,67.92420974,58.37828317,_,84.379014,25.61491647,27.45259579,38.8617835,15.86959944,10.82416659,_,_,_,3.39469874,_,2.583095916,3.801620488,2.919133902,2.931562308,3.105423546,8.258150915,7.33898974,_,9.050744064,3.801994302,4.104371097,5.38003556,2.49541,1.727445394
M9728,Macro,_,4600,4600,4600,4100,3500,3600,3800,4000,4700,5600,5900,6000,6100,5700,5600,5900,5700,5400,_,_,5428.909193,5494.000453,5521.186406,5210.324368,5322.216087,5333.437147,5242.561878,5148.92115,5052.268333,4935.743127,4866.001739,4811.14134,4959.16456,5024.25582,5051.441773,4740.579735,4852.471454,4863.692514,_,20.35076471,_,16.44180551,29.97505065,18.49673857,18.48248171,21.05774579,38.15999621,37.64829313,_,28.99146655,29.97840716,20.22630491,23.88016753,17.43938924,19.11233004,_,_,_,2.841098705,_,2.266666667,3.824669489,2.534755883,2.532949864,2.853779597,4.641664831,4.593519769,_,3.714526693,3.825,2.92931433,3.21291078,2.420130473,2.72675641
M9730,Macro,_,4900,4800,4800,4800,4800,4700,4500,4300,4100,3700,3400,3200,3100,3100,3200,3200,3000,2700,_,_,5461.730487,5367.357411,5252.470557,4897.946556,4852.736785,4822.677207,4790.769795,4740.337172,4721.650392,4768.685787,4715.935268,4731.733448,4746.347516,4651.97444,4537.087586,4182.563585,4137.353814,4107.294237,_,21.08237681,_,28.21027583,23.45635527,17.10184887,17.10172433,11.69930607,23.00043118,10.17709387,_,23.8083331,23.44482072,42.65570489,12.76918811,32.66884648,45.32964024,_,_,_,3.101178195,_,4.39039039,2.594440506,2.386726497,2.386706199,1.557695005,3.147980903,1.49503115,_,3.595433502,2.593393393,5.076285945,1.78870794,5.271477691,8.066052452
M9731,Macro,_,1090,950,860,810,760,740,740,760,790,830,840,820,830,840,880,900,870,840,_,_,1186.207317,1189.33455,1168.562835,1132.538264,1119.686769,1103.830914,1095.437163,1093.528766,1084.737632,1069.865174,1064.257454,1061.862843,1065.081686,1071.446857,1065.848299,1035.748367,1024.971858,1011.647966,_,26.10634687,_,36.25507392,18.02112016,28.39210089,28.38792063,25.35460115,12.67049526,12.24901037,_,13.7659651,18.02247296,31.91933892,18.10301575,36.37839694,44.65604092,_,_,_,4.796491534,_,7.075329567,3.073388575,5.273728056,5.272823117,4.65005841,2.137146536,2.059714845,_,2.34553738,3.073446328,6.063714963,3.212397879,7.107450405,9.207996623
M9733,Macro,_,980,940,850,740,650,580,530,530,580,650,720,800,870,850,830,860,840,750,_,_,935.5926295,925.2904905,940.2853345,951.2646544,953.0264444,959.524451,964.8694977,966.5099114,976.1130055,980.853105,972.1106461,950.5022146,923.0666213,928.7550336,943.9063292,955.0030145,956.7838603,963.3526862,_,25.52110915,_,25.86184654,40.19534711,41.48806591,24.07190385,30.45746978,59.63189016,55.42441718,_,35.08061812,42.60507401,61.31879182,35.91903249,26.83890249,22.18386282,_,_,_,4.441332118,_,4.507032349,7.896883091,8.243246576,4.133200814,5.512359333,7.489276178,7.089081221,_,4.705221857,8.547819972,15.94120986,7.085487903,4.717119732,3.743388622
M9734,Macro,_,4200,3800,3300,2900,2700,2600,2600,2300,2000,1900,2000,2000,1900,1900,2100,2500,2700,2900,_,_,4123.75811,4163.892893,4204.155065,4103.199386,4144.327552,4116.330635,4121.215252,4142.318294,4162.575594,4165.010979,4132.957292,4116.904528,4069.659105,4109.793888,4150.05606,4049.100381,4090.228547,4062.23163,_,48.68711813,_,52.35413356,48.65268778,52.34888107,52.35227502,51.14749503,37.56015139,37.53634676,_,44.03774701,52.35413356,50.35300078,49.07474054,49.15600895,51.9105313,_,_,_,7.523457565,_,8.332545311,7.512577441,8.331345047,8.332122024,8.059081596,5.296882953,5.308877401,_,6.559625523,8.332545311,7.89748664,7.596552492,7.644318356,8.232782044
M9735,Macro,_,4700,4700,4400,4200,4200,4000,3600,3400,3600,3800,4000,4000,3600,3100,2900,3000,3000,3100,_,_,4718.256237,4813.247182,4866.828373,4478.082216,4528.924211,4577.903227,4691.143899,4768.076745,4774.846482,4811.179488,4810.492024,4789.966613,4862.373067,4957.364012,5010.945202,4622.199046,4673.041041,4722.020057,_,24.71940664,_,23.77032658,87.35947357,8.837515156,8.837520047,9.578884943,42.46749751,41.88938772,_,8.436092838,87.34724309,14.95642166,17.94274564,25.6423367,21.60380938,_,_,_,3.672098813,_,3.494949495,6.8696865,1.165515687,1.165516303,1.198442676,4.741219865,4.688418295,_,1.118707317,6.868686869,2.020378388,2.099481624,3.826005284,3.121212121
M9736,Macro,_,5800,5500,5300,4900,4400,4100,4200,4200,3900,3700,3500,3400,3500,3600,3600,3600,3400,3000,_,_,5534.529271,5445.56572,5341.050034,5091.870513,5073.936239,4983.159812,4880.783237,4753.872634,4704.655083,4646.598912,4554.940854,4452.482894,4294.74049,4212.829411,4116.704109,3888.00884,3871.576097,3788.458225,_,14.39325284,_,40.79951886,40.79822041,40.79935553,40.79935038,40.79902988,41.09029573,42.61511407,_,48.51768255,40.79951886,26.37814532,39.27200887,42.5319397,52.98285306,_,_,_,2.429514467,_,8.238286479,8.237938676,8.238242917,8.238241544,8.238155565,8.311966969,8.710278382,_,10.42373474,8.238286479,4.996922277,7.860558129,8.781234075,11.70685997
M9737,Macro,_,1380,1310,1260,1210,1130,1080,1070,1070,1080,1150,1260,1370,1370,1300,1290,1280,1210,1150,_,_,1409.733813,1407.319492,1383.76145,1376.230698,1358.172389,1335.082449,1302.319552,1273.686557,1248.559213,1220.625243,1188.56326,1152.566049,1132.973932,1130.651395,1107.99633,1100.757101,1083.403646,1061.227155,_,12.97972289,_,17.52175639,15.35377152,11.41155625,11.39666322,10.48712756,16.60001262,14.62526238,_,17.6650526,15.35533059,19.61217772,11.54619876,17.74729906,35.84658717,_,_,_,2.655966189,_,3.852400549,3.003345926,2.402465903,2.399017054,2.200188903,3.312552465,2.811178264,_,3.209839841,3.003566529,4.429928058,2.373554676,3.908699806,8.860199612
M9739,Macro,_,4000,4100,3900,3400,2900,2500,2700,3000,3000,2600,2200,2000,2100,2300,2400,2600,2600,2600,_,_,3833.582484,3695.02914,3708.671804,3793.974,3875.649101,3805.687888,3863.171931,3909.014966,3919.924843,3972.021898,4064.979695,4084.514696,3930.728622,3835.941558,3850.367341,3940.599217,4027.047532,3952.994501,_,35.64052749,_,34.57255696,13.02779207,27.71118338,27.71115705,24.37935158,200,177.6196093,_,15.48339636,13.02581357,34.90803016,18.72034806,33.25102236,27.11146572,_,_,_,4.092131287,_,3.936009308,1.266101599,2.988748548,2.988745123,2.572204219,10.06748109,9.220329974,_,1.499099422,1.26585224,4.006299659,1.927321677,3.744926976,2.912903332
M9741,Macro,_,1230,1180,1190,1180,1140,1100,1140,1190,1180,1150,1110,1090,1090,1060,1030,1020,1010,1020,_,_,1067.553118,1070.603864,1071.093189,1077.067786,1081.896036,1084.60214,1069.141405,1056.563609,1052.441487,1052.664568,1053.820945,1047.449123,1017.807702,1020.827632,1021.31202,1027.226491,1032.006344,1034.6854,_,6.312639597,_,16.04927062,10.22875843,6.218448126,6.255744249,10.88353942,70.64014279,55.18170607,_,14.19373766,21.34413062,20.29034377,6.478707625,16.33031266,6.366985463,_,_,_,1.160122026,_,3.197289973,1.971959273,1.162893612,1.170171386,2.100639099,9.57288804,7.831271825,_,2.316839645,3.27100271,4.31469776,1.165356638,3.259292411,1.18547874
M9742,Macro,_,3200,3100,3100,3000,2800,2600,2500,2400,2200,2000,1900,2100,2100,1800,1800,2000,2000,1800,_,_,3180.834405,3079.086649,3078.414986,3035.246234,2918.505656,2917.02966,2946.256564,2823.484935,2849.481316,2877.309054,2731.608471,2726.05063,2800.07703,2685.567183,2684.51,2647.075697,2545.826926,2544.546649,_,20.47685721,_,29.36280772,15.8703484,29.36260245,27.10075559,24.33664204,13.00240651,13.35086697,_,17.64748976,52.7901392,26.72931343,33.60554623,28.80984324,49.66038999,_,_,_,2.815481721,_,4.354048964,2.121502775,4.354010536,3.94001144,3.454879655,1.704408403,1.766439616,_,2.380317458,9.764595104,3.872311678,5.181191583,4.249264387,8.621928827
M9744,Macro,_,7300,6900,6800,6400,6200,6600,6800,6500,6300,6200,5900,5900,5800,5700,6000,6200,6200,6200,_,_,8630.419787,8787.021223,8745.893819,8236.154618,8260.139704,8286.367361,8311.235757,8314.887078,8344.990777,8333.433124,8329.931603,8337.227882,8632.719838,8789.321274,8748.19387,8238.454669,8262.439755,8288.667412,_,28.72055126,_,22.28424054,11.40523567,14.09319239,14.09272089,10.95797515,20.2673768,23.88182087,_,4.889714577,11.41107329,24.69330898,8.154952567,26.50554428,26.79493363,_,_,_,4.497509525,_,3.351445489,1.408646953,2.018704093,2.018631164,1.557413097,2.379836702,2.809048918,_,0.678480582,1.409265064,3.779018017,1.161359839,4.09201542,4.141451759
M9746,Macro,_,6000,5100,4800,5100,5500,5500,5200,5100,5100,5200,5100,4700,4300,4200,4600,5400,5700,5600,_,_,6724.954879,6863.090091,6730.913668,6545.462724,6345.409531,6307.932625,6306.915451,6224.10167,6102.240044,5977.084011,5856.635099,5816.663386,5911.001742,5968.300253,5860.73115,5692.599089,5511.386804,5477.458247,_,18.57633247,_,25.56364562,13.99566406,20.77826551,20.77829324,19.01303869,14.63257237,10.02309689,_,11.56155785,14.00663461,38.95907107,19.35516787,27.33592123,40.74502431,_,_,_,2.454264314,_,3.501355014,1.775395527,2.76037496,2.760379121,2.502748832,1.642575208,1.170579253,_,1.441051778,1.777003484,5.883435607,2.581111718,3.787405953,6.150619505
M9748,Macro,_,4100,4100,4000,3700,3300,3300,3600,3400,2900,2500,2300,2400,2700,3000,3200,3300,3100,3000,_,_,3554.48488,3438.322932,3377.016261,3198.83295,3241.225322,3194.573185,3106.627836,3054.108661,3048.715098,3048.499886,3012.330723,2967.37265,2812.651126,2708.039324,2651.372105,2487.016739,2526.071119,2483.094105,_,14.82532282,_,20.14275575,10.93915247,39.18109248,39.18541007,22.80213086,27.76924181,22.42940108,_,11.58699989,66.35360064,17.16094115,33.67669486,16.48573288,32.64763693,_,_,_,1.783806411,_,2.642260758,1.331916684,6.00635166,6.007220702,3.05791893,3.130734652,2.555492487,_,1.33381662,13.49518304,2.206564463,4.984797519,2.100554567,4.729817958
M9749,Macro,_,1610,1570,1500,1420,1340,1260,1200,1190,1140,1080,1070,1100,1110,1100,1080,1050,1020,980,_,_,1637.768909,1645.832807,1647.065937,1639.903178,1637.159687,1643.146965,1647.606744,1642.26703,1634.840707,1629.365991,1623.427293,1618.224626,1608.682618,1616.530577,1617.730639,1610.759787,1608.089688,1613.916717,_,30.31571029,_,30.95919529,18.68301087,27.18314783,27.18042921,25.81885401,30.95090571,25.81797533,_,4.264565555,18.70694165,26.72450763,16.30305225,26.7582593,27.20010925,_,_,_,7.557892639,_,7.757037037,4.305600065,6.622752883,6.621955229,6.228209552,5.885228635,5.012899895,_,0.919721186,4.311703704,6.524551044,3.697517544,6.572280718,6.629602248
M9751,Macro,_,3200,3000,2700,2600,2700,2800,2800,2700,2500,2300,2200,2200,2400,2600,2800,2800,2400,2100,_,_,2715.524372,2989.188165,3054.575441,3160.042827,3194.042375,3267.012646,3257.36953,3317.06066,3373.937826,3460.441072,3507.839894,3524.806178,3365.916221,3531.665801,3568.925683,3677.766208,3716.412773,3799.329439,_,27.45736698,_,18.44175812,33.32492941,43.70596547,43.46859156,32.309284,106.6839229,98.33517347,_,9.749282855,73.85377664,31.3857825,44.26617132,9.386706687,20.0426544,_,_,_,4.364502968,_,2.736657918,5.55373253,7.77067862,7.713964584,5.306935663,9.613959742,9.069000403,_,1.362577575,17.93700787,5.238557716,8.048821165,1.274869043,2.611469153
M9752,Macro,_,1150,1130,1110,1100,1050,970,910,850,780,740,710,700,690,660,660,690,690,670,_,_,1149.916682,1174.372706,1189.598421,1187.1845,1170.723863,1168.604928,1156.580991,1161.244633,1148.064309,1146.538628,1133.873109,1130.727644,1128.378369,1129.103764,1120.688955,1118.523701,1103.748477,1101.845199,_,31.75785068,_,31.35651706,13.41525893,14.33523672,26.41151885,23.93751989,14.17379212,15.21359281,_,20.857329,14.35181671,43.22199678,27.35789782,33.28514202,45.49837535,_,_,_,6.617142609,_,6.518518519,2.439143251,2.614101592,5.25458053,4.659135779,2.646203538,2.808642444,_,3.980147755,2.617283951,10.22098386,5.541785124,7.030636119,10.57804172
M9754,Macro,_,6600,6500,6200,6000,5500,4500,3500,3100,3200,3300,3900,4300,4600,5100,5600,5600,5200,4800,_,_,6866.188825,6973.405489,6793.463159,6680.047379,6742.127234,6856.009827,6899.233729,6877.543227,6823.227108,6756.126253,6649.209417,6553.164149,6494.740337,6392.493879,6326.441909,6222.954677,6281.271,6388.259809,_,33.05527778,_,38.17867181,59.97891844,18.25484681,19.75816417,20.840178,24.1603902,20.90226799,_,35.8752265,59.973671,35.943334,21.30106116,39.23996714,45.41395337,_,_,_,4.504671011,_,5.406856671,4.676877677,2.133243681,2.34944673,2.43005218,3.080690786,2.532904897,_,4.981922411,4.676579926,5.003778582,2.584038729,5.608014909,6.817188113
M9756,Macro,_,4400,4600,4400,4100,3500,3200,3300,3500,3500,3600,3800,4000,3700,3200,2900,2700,2600,2500,_,_,3323.807914,3325.875987,3438.278511,3391.69149,3446.995597,3463.162298,3374.851362,3283.834492,3219.037986,3251.369481,3276.260914,3259.883152,3065.018057,3066.838446,3165.658036,3124.729421,3173.311864,3187.502914,_,14.75782871,_,17.87820085,70.67095313,40.26786961,40.23081043,47.01985566,114.9212268,111.3295193,_,10.56933714,70.67006126,17.47812808,38.61094066,16.56248304,15.93186448,_,_,_,1.616106026,_,2.011316872,13.44988779,5.467784075,5.460917099,6.892385769,7.841789025,7.616846067,_,1.197092096,13.44958848,1.965399241,5.215038986,1.845777891,1.766420929
M9759,Macro,_,1800,1800,1900,2100,2300,2300,2200,2000,2000,2000,1900,1800,1700,1700,1600,1600,1800,2000,_,_,2147.759363,1959.49287,1987.848648,1876.802871,1865.363966,1781.365718,1843.214878,1770.380709,1795.88956,1728.442951,1764.756572,1730.650231,1807.304046,1745.899436,1743.699314,1650.752789,1640.356993,1564.067857,_,11.60186952,_,8.965097949,34.1796807,8.965097949,9.861175271,12.76336899,53.65448551,43.76766321,_,23.15054094,8.965097949,8.963346786,5.48209522,8.766357381,25.69201613,_,_,_,1.392693224,_,1.08436214,3.414927285,1.08436214,1.189179888,1.49954531,5.07273473,4.21704897,_,2.386317977,1.08436214,1.116483128,0.669704878,1.055967698,3.477458919
M9761,Macro,_,920,900,870,820,740,700,670,600,500,420,390,410,410,390,370,340,340,380,_,_,811.7628854,767.4128708,777.2684573,779.3665721,784.285877,782.2898134,783.5825065,785.0398845,790.8262187,800.3500845,811.3024354,815.9003755,811.1446683,809.7525109,812.4862721,814.6691908,819.7872334,817.7105459,_,44.2400263,_,51.52945414,66.76687449,57.24146859,57.26116332,58.91722405,86.03687305,31.36813306,_,18.84360012,66.76605987,53.65356637,49.96369923,52.16325734,46.78140527,_,_,_,6.175752558,_,7.767510084,12.00685923,9.149504154,9.15446932,9.634619302,7.5458448,3.723569385,_,2.21515742,12.00660066,8.266101984,7.388815763,7.91895679,6.708975633
M9763,Macro,_,1180,1130,1080,1070,1060,1000,940,920,900,870,820,740,700,700,700,690,690,690,_,_,1189.605637,1216.636722,1201.95187,1226.072181,1202.502955,1223.152391,1212.248934,1233.370688,1204.640592,1204.072468,1164.258114,1176.824062,1150.278299,1175.548439,1161.824817,1184.360532,1162.340027,1181.634121,_,31.45947348,_,33.60857784,33.61086995,33.62106376,33.60927833,33.60957538,106.7251046,12.48779817,_,26.60217667,33.60857784,51.64445538,26.70758428,34.22720427,31.98563653,_,_,_,4.673180356,_,5.081612586,5.082056477,5.084030812,5.081746959,5.08180534,7.633874862,1.58717619,_,2.535130875,5.081612586,8.990548726,3.845676812,5.202909671,4.775384328
M9765,Macro,_,4700,5000,4900,4600,4800,4700,4300,4200,4500,4500,4200,4100,4000,3700,3500,3600,3600,3500,_,_,4293.949683,4245.867481,4176.699221,4251.981379,4132.643112,4113.192048,4160.342481,4173.762689,4102.924639,4063.864636,4055.963866,4095.673281,4042.313594,3994.231391,3925.063131,4000.345289,3881.007022,3861.555958,_,8.464506475,_,11.26447092,6.452342087,11.26448089,11.26447094,8.316799446,69.72530573,65.06391236,_,5.741859063,11.26447092,15.3432439,9.03338212,11.27478183,12.02885887,_,_,_,1.358660233,_,1.815021726,1.05038434,1.815023485,1.815021729,1.313944182,8.249535236,7.744239718,_,0.939546344,1.815021726,2.574759693,1.43396396,1.816719592,1.951430836
M9766,Macro,_,5500,5200,5200,5200,4800,4200,3900,3500,3300,3900,4800,5200,5000,4700,4300,4300,4600,4600,_,_,6317.035359,6406.468655,6449.791346,5750.334151,5838.421752,5976.139561,6081.179483,6120.579497,6193.791411,6115.767704,6000.747476,5946.631927,6076.930449,6166.363745,6209.686436,5510.22924,5598.316841,5736.034651,_,28.25478042,_,27.91400784,13.96030488,13.97458331,22.56121233,20.68823482,129.8514178,72.0736597,_,16.34956517,13.95926784,18.48538841,12.3345982,35.16513386,35.31948174,_,_,_,4.121767124,_,4.044260028,1.834255811,1.837431667,3.14449361,2.851398402,9.660530846,6.537205381,_,1.958699412,1.834024896,2.571868229,1.579297437,5.4062694,5.386912195
M9767,Macro,_,13000,12900,12700,12600,12700,12900,13400,13900,14900,15300,14700,14100,13900,13800,13700,13500,13400,13400,_,_,13419.91472,13773.18913,14064.66522,14516.4688,14734.11596,14901.86787,15037.75721,15174.53051,15277.68001,15429.24524,15728.0224,15990.04704,16219.89182,16552.78991,16844.266,17296.06958,17513.71673,17681.46865,_,13.28814253,_,4.885147739,18.67507015,7.935674456,7.938566651,9.885843943,16.33320916,13.08571346,_,3.999610112,18.67790797,9.028850222,8.635477172,13.7564944,42.89689718,_,_,_,6.678300173,_,2.266666667,7.818951029,3.595179551,3.596407758,4.409596803,6.93260867,5.716412056,_,1.886920317,7.82,4.067163704,3.899068865,5.917218341,16.38784133
M9768,Macro,_,760,730,700,650,630,650,660,580,490,460,490,520,540,540,560,590,600,560,_,_,835.9274644,853.8319812,847.3399965,861.7059274,856.2593867,850.5485217,844.7525848,846.4029622,847.4372414,843.8624525,841.3239128,838.3893834,845.9758519,845.4774909,839.0664778,853.2530009,847.8745767,842.2350058,_,35.68874599,_,28.96052441,79.24278183,8.149142421,8.149348059,10.35838396,15.674347,9.554795903,_,8.607537599,79.24052806,48.86955654,12.10205243,34.27166419,34.19621249,_,_,_,5.923744078,_,4.588235294,6.58843531,1.094126877,1.094158394,1.296633914,2.134843255,1.26051323,_,1.173626553,6.588235294,9.137482411,1.785375517,5.642460098,5.618580122
M9769,Macro,_,3100,3100,3000,2700,2300,2000,1500,1100,1100,1200,1300,1500,1500,1600,1700,1700,1800,1900,_,_,2655.766516,2542.098531,2513.743844,2453.478696,2482.076561,2433.10941,2454.662538,2397.71593,2417.7968,2323.280717,2308.63728,2223.652305,2170.727488,2088.54078,2063.5919,2010.609157,2035.743785,1992.714984,_,31.20352998,_,48.01693419,27.54487584,63.44272642,63.18101928,47.54762729,110.760607,61.35302957,_,24.79438086,85.43836757,65.90646456,61.52772772,44.1773034,61.29343619,_,_,_,2.754698146,_,4.81037037,2.363119554,7.413835291,7.364079294,4.751900792,5.954561638,3.808054864,_,1.791285438,13.17185185,8.046336279,7.070956294,4.262593079,6.954773757
M9770,Macro,_,3400,3500,3500,3500,3600,3600,3700,3900,4200,4400,4600,5000,5200,5200,5000,4800,4500,4300,_,_,3466.443738,3521.348774,3559.447177,3704.514159,3741.585537,3749.800562,3738.857926,3743.709201,3744.054787,3737.457146,3729.752019,3734.590041,3736.045059,3768.902293,3805.894839,3947.199103,3983.340136,3991.35065,_,12.86264013,_,20.23609376,16.92408353,20.3687674,20.23923149,19.11889962,11.34269713,11.09762484,_,18.29821094,20.23609376,18.91141665,18.29843825,36.38152717,26.92416659,_,_,_,3.386160489,_,5.048484848,4.322629322,5.076872516,5.049156719,4.806748026,3.017682869,2.923785977,_,4.533407777,5.048484848,4.740549793,4.605874014,8.201138173,6.434128736
M9771,Macro,_,5400,4800,4100,3400,2800,2700,2800,2900,3000,2900,2500,2200,2100,1900,1900,2100,2100,2000,_,_,4954.10715,5049.51383,5144.789378,5203.273296,5322.271559,5326.812035,5254.191643,5265.469526,5323.078529,5428.673936,5511.255272,5497.458053,5263.688547,5386.039075,5486.365443,5548.65546,5675.395475,5680.231277,_,64.37466714,_,66.10523654,96.06602596,79.03417719,79.03415233,82.27422055,25.62822277,29.35510201,_,67.32656855,96.06512973,67.71734694,79.49012653,59.13031611,41.01223936,_,_,_,9.960461633,_,10.35067437,21.5534388,14.03834532,14.0383371,15.31411077,2.992316379,3.45670492,_,10.68440271,21.55298651,10.89381895,14.37706939,8.690217198,5.17705726
M9772,Macro,_,2100,2200,2400,2500,2300,2000,1800,1700,1600,1500,1300,1300,1500,1900,1900,1900,1800,1700,_,_,2799.934171,2662.157933,2558.740187,2411.706329,2381.920954,2369.654074,2326.546477,2265.163759,2193.826446,2178.308646,2135.929276,2088.417306,2099.331388,1973.212902,1878.84376,1745.155773,1718.147488,1707.031877,_,19.28706655,_,21.40984903,50.70570888,21.41151479,21.45563105,13.73143299,28.71564586,27.83095992,_,13.82899075,21.40984903,21.33238248,18.88280373,36.95283996,62.16586975,_,_,_,1.744028341,_,1.901738473,3.062800763,1.901912449,1.906522067,1.136783325,2.753875532,2.648171718,_,1.166523338,1.901738473,1.917058046,1.643798505,3.764951098,7.551240151
M9773,Macro,_,3100,2600,2100,1800,1600,1500,1400,1300,1100,1100,1300,1400,1500,1600,1600,1500,1300,1100,_,_,3232.522814,3236.745957,3090.933468,2891.594312,2812.895994,2716.319543,2668.744032,2697.152728,2721.410499,2802.452045,2834.911869,2782.686026,2620.683317,2568.136497,2483.036262,2325.477147,2263.124364,2186.568351,_,54.19793826,_,74.15445142,105.0864809,87.60285686,87.57981842,91.03650409,200,185.2504908,_,37.10400634,105.0840734,75.51896412,80.25629657,54.7466686,71.25530193,_,_,_,3.076799629,_,4.960252936,10.21286636,6.692740893,6.689275891,7.28744663,4.438121048,4.141532668,_,1.963149986,10.21228546,5.214869986,5.668916592,3.165325805,4.646161288
M9774,Macro,_,3900,3900,3800,3900,4000,4000,3700,3200,2800,2700,2900,3100,2800,2400,2400,2400,2100,2000,_,_,4566.26825,4527.590453,4469.840005,4151.142237,4047.087225,3995.164953,3926.336154,3939.257776,3899.786763,3807.627421,3696.61002,3601.985621,3664.485802,3625.823623,3568.075815,3249.378493,3145.323556,3093.401297,_,22.58045987,_,24.14699101,8.713822297,20.05417384,20.07569401,16.60269866,34.75228171,33.18051132,_,30.40440966,8.710195592,24.26470727,18.1333905,46.0759993,56.92486004,_,_,_,2.972963562,_,3.15959596,1.168045778,2.524997306,2.528088498,2.040809505,5.016268874,4.722840402,_,4.235531579,1.167676768,3.1973849,2.230663309,7.385755809,9.795481966
M9775,Macro,_,5900,5600,5200,4600,4200,4100,4300,4600,4700,4700,4600,4400,4100,3900,3700,3700,3700,3400,_,_,5244.542318,5365.973794,5464.333834,5155.009147,5289.485866,5336.516298,5362.913061,5285.546265,5304.682292,5337.404594,5401.235591,5447.916119,5416.033781,5537.472527,5635.833729,5326.509228,5460.985976,5508.016413,_,22.50796598,_,26.77735887,61.9170479,61.5463843,40.93771373,45.03033706,86.72870254,88.04176678,_,7.125591949,61.91726849,12.25519655,28.75947696,20.41217009,19.03280214,_,_,_,3.975828007,_,4.871888282,15.37940231,15.23937724,8.275162244,9.489523448,9.584076941,9.712219602,_,1.029192898,15.37947784,2.059429507,5.377387916,3.561553077,3.275422789
M9776,Macro,_,840,810,790,770,760,780,780,710,610,560,540,510,520,510,470,460,500,520,_,_,842.4152461,854.3674552,867.9004437,883.7196483,878.6074963,881.7772677,888.3760125,895.1233709,902.8237619,896.5046066,884.9538906,878.3301573,866.1248281,874.9786424,888.9621774,905.3114135,900.0275808,903.3037579,_,34.36081374,_,31.87503802,31.67865312,31.87324285,31.87328488,31.80906006,16.57609416,11.21433262,_,9.181687645,31.87503802,29.82616533,20.46633715,27.83277261,24.99522725,_,_,_,5.684033924,_,5.156156156,5.11534395,5.155785989,5.155794657,5.142431591,2.414493875,1.677333856,_,1.089406765,5.156156156,4.778489185,2.999720599,4.364442392,3.800847572
M9777,Macro,_,1400,1370,1370,1410,1410,1390,1340,1250,1190,1130,1040,960,960,1020,1070,1100,1120,1120,_,_,1363.73207,1292.373676,1245.016081,1256.981186,1202.134383,1242.002497,1205.164092,1262.879321,1219.116205,1258.811425,1215.046613,1266.268163,1212.856571,1259.038327,1204.749497,1215.777908,1162.879554,1201.332079,_,11.18745364,_,18.06990682,25.51595635,10.23896021,10.23864899,6.342793993,41.57829105,31.43859157,_,5.82646019,25.65332782,13.38551502,8.736716825,16.93446767,17.08912278,_,_,_,2.399939949,_,4.087595532,4.437564093,2.169854583,2.169784119,1.320186229,7.515229789,5.8736239,_,1.214880215,4.457378013,2.923322755,1.798621603,3.793391847,3.833448479
M9778,Macro,_,950,950,980,950,880,850,870,840,800,760,690,650,660,670,670,670,700,730,_,_,790.7437874,776.4147594,766.1755412,748.9440675,744.6425434,739.0994963,734.2438732,736.4998915,735.2704656,738.4114163,743.0787698,741.5995783,708.3735281,694.4346186,684.477591,667.7276617,663.5476803,658.1620591,_,11.55298464,_,21.13986276,11.39169666,18.18388203,18.18167188,16.96659616,35.42224297,33.64848484,_,4.76202229,11.38953852,14.41269955,9.482812778,21.52069333,18.08399788,_,_,_,2.369423423,_,4.576100629,2.281390041,3.839949036,3.839409701,3.546632423,6.146102346,5.862192976,_,0.979736975,2.280922432,2.95582058,1.88327421,4.672669525,3.815088556
M9779,Macro,_,4600,4100,3900,3800,3700,3400,3100,2500,2000,1900,2100,2400,2700,3000,3300,3400,3200,2900,_,_,5339.330564,5180.829067,4964.606046,5478.82594,5370.241299,5230.282207,5091.497974,4903.543535,4782.916917,4596.217292,4360.120465,4141.246574,4069.606934,3911.105436,3694.882416,4209.10231,4100.517669,3960.558577,_,40.801222,_,52.23730604,54.10860593,52.23783705,39.24407355,27.36271115,58.18687071,58.29797294,_,56.3878751,54.25805517,85.50733009,52.41419495,58.6385459,79.62985693,_,_,_,4.517732468,_,6.202814168,3.081083463,6.202903368,4.196229067,2.743265833,7.248218747,7.268249974,_,6.964516664,3.084910238,14.7351442,6.479864313,7.328168773,11.85943426
M9781,Macro,_,3200,3100,2700,2300,2200,2100,1900,1900,1700,1700,1800,1800,1800,1800,1900,2200,2400,2400,_,_,3172.628817,3092.362932,3166.98596,3126.482721,3150.050249,3160.983123,3280.679017,3338.935426,3417.91812,3382.431512,3341.828703,3251.73825,3195.31027,3175.041871,3254.015374,3198.391628,3223.127352,3234.605605,_,41.21826539,_,43.19311818,113.6982798,14.54575119,14.5466454,20.55719439,21.4207065,25.42210603,_,16.49726778,113.7042056,41.7803021,17.10498346,34.46866412,37.27240559,_,_,_,5.292593693,_,5.611916264,8.430944637,1.531185685,1.531288825,1.916750499,2.094621045,2.452224569,_,1.771229973,8.431561997,5.586436703,1.661254666,4.225769807,4.628283747
M9783,Macro,_,4600,5000,5200,4900,4400,4300,4500,4300,3900,3600,3600,3600,3500,3500,3200,3100,3100,3200,_,_,4302.173242,3840.646019,3927.995679,3990.759677,3993.987441,3936.324438,3884.557956,3887.170408,3917.150578,3882.290656,3842.337844,3817.620105,3863.139104,3789.419374,3716.527641,3776.17839,3779.293182,3723.65329,_,12.89781428,_,18.92770393,5.665372298,10.77265543,53.88471807,8.952467714,14.43857043,13.16771018,_,5.628325353,96.13837622,17.95327801,15.95600417,27.69192513,25.92290381,_,_,_,2.129375612,_,3.201897019,0.991508252,1.805985875,6.32417121,1.488516943,2.325175308,2.156242019,_,0.918905926,9.214092141,3.047829334,2.361681977,5.081824021,4.64324429
M9784,Macro,_,650,610,570,560,560,600,650,670,680,680,680,660,640,600,580,610,620,590,_,_,641.4330604,745.6470771,729.1474456,717.7227341,695.8256501,680.4942033,653.3584708,633.2194057,608.3808575,591.9962574,574.9649826,568.8097143,554.7623576,549.9504486,539.8660066,530.3953938,512.2965416,499.6500758,_,13.72976326,_,8.007663741,31.35680244,16.36851105,16.36613609,19.13114024,7.334824713,10.23107689,_,9.168689466,31.35279294,37.02218921,25.01952619,13.21727905,42.87832671,_,_,_,1.774358848,_,1.057777778,4.964209579,2.297194838,2.296823644,2.749675178,0.963010029,1.386803419,_,1.164737655,4.963418803,6.040974957,3.723755605,1.840077945,7.077731801
M9785,Macro,_,7200,7200,6600,5700,5300,5300,5400,5400,5300,5400,5200,4900,4800,4700,4700,5100,5300,4900,_,_,6998.508,6884.129076,6907.70727,6749.486542,6738.663617,6725.892641,6627.653993,6477.391409,6392.023466,6305.177967,6233.750714,6194.454523,6081.461086,5967.082163,5990.660357,5832.439629,5821.616704,5808.845728,_,16.76013323,_,27.04035706,12.36375206,27.04025051,22.52747268,20.94192646,7.792127514,7.208164885,_,10.2319773,38.55950794,32.62791201,27.79697541,27.62452557,40.98024812,_,_,_,3.79342842,_,6.507385999,2.756895247,6.50735541,5.257568808,4.840606494,1.7121378,1.600220317,_,2.244340611,10.15414258,8.279878312,6.739973153,6.675271976,10.85093712
M9786,Macro,_,5400,4900,4700,4600,4800,4800,4300,4100,4300,4700,4900,4900,4900,4800,4700,4800,5200,5400,_,_,5099.709157,5059.688061,4923.573672,4821.442471,4568.268488,4443.469502,4323.087346,4204.621645,4026.340643,3837.438259,3697.660311,3554.868363,3359.966764,3320.910283,3188.143114,3088.594014,2842.103899,2720.7609,_,22.25664439,_,21.0033513,35.30974973,26.16804459,26.07827607,27.73496762,14.07887214,15.00962352,_,16.99277703,35.30504166,37.31151132,23.54010578,18.17333749,41.59649067,_,_,_,2.654717999,_,3.201506591,5.93979371,4.119284165,4.10283532,4.414702266,1.802516407,1.944376601,_,2.125410999,5.938794727,6.451567959,3.664062694,2.725409555,7.206821846
M9787,Macro,_,4900,5000,5000,4700,4200,3700,3500,3400,3300,3100,3000,2900,3100,3600,4200,4400,4100,3700,_,_,4446.230707,4258.679074,4086.46412,4141.449602,4154.928721,4130.0401,4075.258338,4033.919909,4002.361636,3967.821989,3922.755397,3863.097935,3747.693142,3614.77468,3451.077108,3503.098508,3515.852244,3492.303952,_,15.8012282,_,23.76934995,23.76396929,23.78240535,23.76577664,23.76636534,15.37639493,15.09370765,_,10.95291257,23.76934995,39.67572596,22.81269672,18.01176082,31.39982298,_,_,_,2.528014513,_,4.079072938,4.077967694,4.081760897,4.078337337,4.078459323,2.444873746,2.391181012,_,1.700403077,4.079072938,7.857982016,3.899970235,2.947846885,5.733035037
M9788,Macro,_,3300,3400,3400,3200,3200,3300,3000,2800,2700,2700,2800,2900,2900,2800,2600,2300,2100,2000,_,_,3115.726755,3237.136009,3397.732745,3689.454461,3525.060307,3516.90427,3532.447592,3561.18639,3587.363276,3599.798693,3610.430957,3615.616153,3643.166825,3641.560331,3656.755772,3743.878452,3766.357764,3744.615924,_,24.06612773,_,14.40985086,36.57207472,21.78531488,21.7863703,24.82552212,63.77722183,49.7162954,_,7.341195116,36.56603855,35.26097076,25.31671977,13.92280178,12.20349296,_,_,_,4.042822367,_,2.218694885,6.987428819,3.595350819,3.595559728,4.227203352,7.487214653,6.088338942,_,1.065906688,6.985890653,6.574376153,4.3175495,2.132323174,1.842352126
M9790,Macro,_,3100,2800,2500,2300,2500,2700,2500,2200,2300,2700,2700,2500,2500,2800,3100,2900,2300,1800,_,_,3192.713505,2997.101292,2963.091297,2859.064086,2823.422697,2801.152584,2829.589537,2828.520753,2787.219828,2746.655851,2734.566622,2718.978594,2679.897415,2641.438582,2614.979186,2533.603702,2505.568353,2488.01042,_,11.9988352,_,28.5902301,28.60167653,28.59394503,28.62175817,28.604556,22.68177403,21.98201251,_,14.66484379,28.5902301,23.45021581,14.54090486,30.02025698,41.54596325,_,_,_,1.215337613,_,3.275529865,3.277103233,3.276039472,3.279856386,3.277496492,2.050498516,1.97709597,_,1.399353925,3.275529865,2.739135819,1.548465344,3.485439575,5.195585001
M9792,Macro,_,4100,4000,4100,4100,4100,3900,3500,3200,3200,3500,3700,3800,3900,3700,3300,3000,3000,3000,_,_,4347.833698,4660.425536,4566.835734,4433.724386,4358.657345,4301.744451,4263.672871,4215.371511,4158.6075,4088.099036,3990.827801,3914.872584,3804.744195,3782.303294,3707.542849,3587.472145,3519.845154,3468.616713,_,12.18640712,_,20.10388855,20.10600735,20.1044482,20.10512134,20.10500575,21.69648108,20.0357064,_,19.75845034,20.10388855,24.5566607,21.62438246,17.54728511,35.19702064,_,_,_,1.987955316,_,3.392781316,3.393192607,3.392889644,3.393019937,3.392997954,3.020713395,2.762004766,_,3.33542496,3.392781316,4.378717811,3.702308029,2.906760403,6.575373396
M9793,Macro,_,2800,3000,3100,3100,2900,2600,2600,3000,3300,3400,3300,3200,3000,2800,2700,2900,3200,3500,_,_,3062.704024,2788.269023,2996.708018,2585.871857,2848.929622,2517.054543,2744.312115,2382.579563,2563.552463,2204.307292,2467.914043,2158.158822,2447.960098,2140.112632,2324.470406,1980.082383,2203.275525,1922.334093,_,22.29758665,_,22.55095497,49.13404273,11.62230072,11.62026415,20.89145893,10.63852789,29.64595185,_,21.66727991,49.13440177,28.4246829,13.98572197,15.51071914,17.22586454,_,_,_,2.998903615,_,3.088402271,11.11261709,1.811824329,1.811461083,3.589536717,1.61407069,3.85184553,_,2.932992742,11.11273317,3.527312957,2.316902761,2.196255413,2.768393058
M9794,Macro,_,3900,3700,3800,3600,3300,3300,3400,3000,2500,2100,2000,2400,2600,2700,2900,2900,2900,3000,_,_,4929.44882,4836.624899,4711.615113,4643.030137,4596.354561,4484.66257,4355.656726,4351.966018,4346.99134,4312.983138,4242.895929,4116.004435,4139.933212,4053.104578,3936.309207,3872.28961,3828.745446,3724.629302,_,36.82314372,_,47.37405234,20.91263325,47.37619884,38.82558521,34.10066375,20.06637355,19.61866859,_,15.36685661,171.4986803,46.37753471,105.9526403,52.90299733,67.72889833,_,_,_,4.306528217,_,5.941747573,2.116143349,5.942110856,4.578230193,3.908524802,2.133785844,2.058655095,_,1.494776558,28.55339806,6.086768429,7.216510928,6.951465092,9.919318447
M9795,Macro,_,4100,3800,3600,3500,3500,3400,3200,3000,2600,2500,2400,2400,2300,2200,2300,2500,2600,2700,_,_,4270.359646,4166.551299,4085.695189,3887.258996,3739.282948,3639.910001,3565.048992,3511.608928,3451.102063,3364.206766,3274.713049,3182.425576,3118.351412,3024.077095,2950.770041,2771.343639,2638.020011,2548.731859,_,16.49152283,_,41.82759195,15.97774486,41.82759191,41.88544964,34.1021312,20.59187385,17.76932043,_,15.62982109,41.82759195,57.81571979,40.58881769,54.95665705,68.89296145,_,_,_,1.592036803,_,4.762506582,1.553449875,4.762506576,4.771234726,3.661670797,2.079092309,1.722799792,_,1.497847082,4.762506582,7.532619465,4.581893515,7.164222555,9.653407056
M9797,Macro,_,770,780,790,770,720,640,560,560,620,660,670,680,680,650,650,660,610,540,_,_,618.350611,601.5640512,590.2575304,575.2325057,568.2727197,562.1254962,553.1979394,544.9649314,539.7993202,535.6207128,528.5267281,520.8424133,497.8048001,489.9868226,479.7204433,466.7502677,460.7474126,455.448138,_,22.17261162,_,13.85442308,33.3375809,20.23514707,20.23512254,22.82494952,78.77445898,79.07218805,_,15.40539779,33.63781853,47.09642868,27.61150934,11.33814237,19.9178768,_,_,_,2.840122958,_,2.00621118,5.69445282,3.083080164,3.083075817,3.556790489,7.674984648,7.69774046,_,1.910845277,5.7605245,8.745549518,4.443393311,1.566882765,3.021955213
M9798,Macro,_,4300,4300,4300,3900,3700,3700,3700,3600,3600,3400,3400,3700,3700,3500,3300,3200,2900,2600,_,_,4931.809457,4836.560551,4820.154619,4771.31153,4757.47045,4710.040955,4629.08687,4548.007937,4500.181467,4468.880359,4370.630332,4238.611157,4280.73279,4185.483883,4169.077951,4120.234862,4106.393782,4058.964287,_,22.14159454,_,20.67256649,7.864500026,4.938100414,12.78296006,13.87095746,6.336365085,5.00014356,_,6.095630097,96.51184364,23.15550025,15.37783745,26.66770407,45.35761074,_,_,_,3.954989111,_,3.626666667,1.255775323,0.780921553,2.108879217,2.30840458,1.027631615,0.792214121,_,0.95430023,9.293333333,4.187918252,2.123640862,4.883646796,9.422857143
M9799,Macro,_,2400,2600,2700,2600,2800,3400,4000,4100,3900,3700,3400,3100,2800,2700,2900,3100,3000,2900,_,_,4758.809179,4654.320948,4583.447026,4422.806671,4376.363216,4230.286744,4088.347325,3979.249285,3909.956186,3872.670563,3804.801661,3788.706745,4210.70598,4111.939249,4044.98618,3893.356941,3849.551899,3711.874997,_,28.87821025,_,33.0623587,33.07203728,33.06659552,33.06643359,33.06694306,25.76673465,15.15938633,_,8.713150562,33.0623587,28.3733339,21.60535712,50.05136021,36.84790162,_,_,_,2.963334259,_,2.65248227,2.653119769,2.652761779,2.652751089,2.652784373,2.910173371,1.414835096,_,0.828094177,2.65248227,1.979209555,1.787200869,6.757910042,3.938695035
M9801,Macro,_,6200,6100,5300,4400,3800,3600,3500,3300,2900,2600,2400,2400,2400,2300,2600,2800,2500,2400,_,_,5864.539627,5830.183724,5862.472247,6176.789925,6230.538968,6201.504008,6171.179096,6156.124336,6144.681656,6169.070928,6207.608498,6144.543238,5884.843546,5875.791635,5908.049395,6222.077151,6275.778269,6246.769141,_,61.13718639,_,59.36559367,71.43348574,54.90644891,55.05313793,62.42118926,42.47321297,40.35494664,_,47.24578377,44.09293601,67.74096806,54.04869031,59.65545514,48.46888019,_,_,_,11.85863663,_,11.33333333,15.55784668,10.04445184,10.08535783,12.30785295,6.926799926,6.532709188,_,8.072183672,7.363057325,14.05821384,9.802340862,11.37184838,8.364484947
M9803,Macro,_,720,740,760,770,780,760,710,670,610,560,550,570,570,570,600,610,580,570,_,_,710.4189411,706.2685387,687.5641669,665.9615456,657.564399,655.753129,660.2741099,662.1964849,660.1132147,657.805313,650.5366728,645.2897977,637.0363054,630.7092058,614.4695504,595.3294515,587.8879444,586.2826898,_,8.554960597,_,13.67855512,50.14723484,8.58397042,8.58395582,11.47735801,82.59622055,78.49551887,_,33.37011046,47.09986667,16.17789109,25.9466,15.22851981,19.40502617,_,_,_,1.229361919,_,1.974193548,5.165924359,1.249112174,1.249110508,1.579390856,8.13132478,7.77808996,_,3.794273057,4.935483871,2.227340584,3.168844771,2.224381989,2.935497219
M9804,Macro,_,12000,10900,10400,10100,9600,8900,8400,8200,8300,8700,8800,8700,8900,9100,8600,7800,7400,7600,_,_,11914.38904,12191.39965,12472.92766,12946.58299,13169.6051,13312.78905,13455.04879,13488.21213,13475.59391,13429.50557,13401.19085,13439.75277,13456.28514,13744.9071,14038.06202,14530.9012,14762.79875,14911.62963,_,39.8078433,_,33.72968874,9.611990657,26.1902366,25.21312021,22.98472709,42.38551072,42.54197228,_,41.30880963,9.612161793,38.27302904,30.75683837,32.72162667,17.48407993,_,_,_,12.57886718,_,10.13703704,2.62855887,7.478412418,7.153599081,6.45054156,13.60917697,13.66324886,_,13.21399025,2.628703704,11.91538757,9.063804953,9.803413289,4.704100487
M9805,Macro,_,3400,3400,3600,3800,3800,3500,3000,2800,3000,2900,2700,2600,2600,2400,2300,2300,2300,2100,_,_,4221.281654,4141.74543,4063.194023,3975.902335,3930.876242,3903.218858,3926.189533,3883.145994,3807.432746,3715.608065,3674.062539,3632.397827,3738.172392,3658.637889,3580.086764,3492.795122,3447.769037,3420.111654,_,27.4054572,_,30.25809825,8.848149876,30.25884372,19.53770346,19.90543053,17.55165853,24.06939347,_,17.77004606,107.9569222,40.02294881,5.17602615,32.96539919,46.37853132,_,_,_,4.905687378,_,5.526170799,1.451061246,5.526339396,3.265740481,3.342170191,2.887290546,4.201985605,_,2.931666178,10.61524334,7.928629039,0.891095517,6.149068097,9.556968177
M9806,Macro,_,5000,5000,5300,5500,5400,5000,4400,3800,3600,3500,3300,3400,3600,3800,3900,3900,3700,3500,_,_,5442.525754,5570.870997,5464.168192,5370.362219,5367.749553,5313.928575,5397.070921,5333.368301,5322.010354,5191.127409,5194.853289,5066.133455,5152.330427,5004.698289,4910.800953,4760.542908,4764.825333,4698.958402,_,22.60440658,_,26.54204207,11.34007853,14.86383892,16.53181797,15.43133486,17.60973763,19.61464643,_,23.43185882,64.77620041,45.30936959,14.02376935,31.27608179,46.25176963,_,_,_,4.183391007,_,5.052488071,1.856961729,2.603708622,2.917926723,2.711591976,3.129901292,3.560643678,_,4.393576484,6.929788684,10.12368968,2.544610194,6.186518392,10.20481359
M9807,Macro,_,3500,3500,3400,2900,2400,2300,2300,2000,1800,1700,1700,1700,1800,1900,2100,2100,1900,1700,_,_,2620.322816,2521.412538,2421.038104,2153.910533,2197.228942,2146.33586,2061.406002,2038.391898,2003.253123,1924.516917,1859.27149,1778.784768,1537.453851,1442.537304,1346.41017,1091.71178,1132.889434,1084.516973,_,24.13083761,_,45.55468021,56.39138101,45.56511863,45.55610167,49.41673299,17.95466128,16.769548,_,30.39806681,45.55468021,36.99624119,38.25411451,42.87922363,57.95859239,_,_,_,2.394520871,_,6.104669887,8.365534922,6.106629077,6.104934491,6.858350797,1.921557141,1.765937276,_,3.676528412,6.104669887,4.726351086,4.831814875,5.611009896,8.597452496
M9811,Macro,_,3300,3300,2700,2400,2300,2100,2000,2100,2200,2200,1900,1600,1500,1400,1500,1600,1500,1500,_,_,2467.146893,2315.249626,2289.706237,2088.948194,2068.423343,2060.424599,2007.924323,1955.995294,1883.099403,1850.650766,1848.437538,1826.31173,1621.927373,1542.349833,1518.742403,1364.752041,1349.094003,1342.996404,_,12.17952962,_,44.37989657,81.02538551,59.79477434,59.59807185,63.99308725,53.3983265,52.18971056,_,31.40184511,80.82114653,46.57398696,57.883168,36.02292185,45.10588935,_,_,_,0.976923284,_,4.025500911,10.97510777,6.23355116,6.201066313,7.039375535,3.135279543,3.047892819,_,2.590974851,10.92046145,4.471070089,5.981854874,3.051022627,4.116904228
M9814,Macro,_,4900,4300,3700,3400,3100,3000,3200,3300,3000,2800,2800,3200,3400,3300,3200,3300,3700,4100,_,_,3867.762289,4020.902863,4134.789477,4323.695773,4290.806493,4242.114789,4228.215309,4199.478754,4222.670566,4264.133546,4256.136412,4180.385197,4017.784926,4170.9255,4284.812114,4473.71841,4440.829129,4392.137426,_,25.04756585,_,38.17487515,76.43092902,54.15617046,54.15615464,58.60138296,29.47508859,26.59562023,_,22.87510084,76.4290027,57.25389776,56.21569579,35.33607234,20.35360362,_,_,_,3.247348758,_,5.426959955,15.2652143,8.665410044,8.665406503,9.78582573,3.126473082,2.769250877,_,2.948015422,15.26452341,9.463111884,9.180265949,4.924507876,2.561067507
M9816,Macro,_,4900,4500,4100,3900,3900,4000,4000,3900,3900,4000,3900,3700,3800,4200,4300,4200,3800,3400,_,_,6030.006692,6022.338903,5953.347651,6078.156502,6026.474569,5957.637259,5921.069744,5883.159975,5793.821159,5719.616678,5660.268857,5632.168266,5763.35986,5755.692072,5686.700819,5811.50967,5759.827738,5690.990427,_,37.10801297,_,27.67018715,26.81613249,15.21535717,15.21559782,11.70112403,10.05489139,10.53346337,_,14.70706749,26.81887201,33.97395334,15.09664394,45.07295222,43.93555629,_,_,_,6.279576946,_,4.410603497,3.029657032,2.25178782,2.251826447,1.724081338,1.454894503,1.535479435,_,2.266982161,3.029892837,5.739421258,2.282016843,8.149367201,7.765744208
M9817,Macro,_,2400,2300,2100,1900,1800,1600,1600,1700,2000,2200,2100,2000,1800,1700,1800,1900,2000,1800,_,_,2384.854425,2188.974537,2365.819417,2073.749389,2263.132012,2053.930134,2235.997063,2002.956064,2136.91341,1906.256597,2087.573329,1879.537451,1998.660041,1820.157597,1979.07771,1716.927735,1886.729832,1699.1986,_,11.08894162,_,22.40295098,10.56637563,22.38308134,22.40185133,18.12651648,50.96031213,34.22108129,_,17.81495765,22.40295098,19.08219593,8.494109353,20.86215905,33.03774909,_,_,_,1.077872315,_,2.361111111,1.035925129,2.358684805,2.360976818,1.855538209,3.776423747,2.70032277,_,1.514147399,2.361111111,1.722114662,0.796587757,2.17468287,3.74047318
M9818,Macro,_,4500,4600,4500,4600,4700,4500,4400,4400,4200,4000,3900,4000,4200,4500,4400,4200,3900,3900,_,_,4291.162,4127.443848,4074.877225,4035.236601,3967.185859,3910.553191,3895.543691,3877.219694,3864.556525,3819.883759,3758.35339,3731.50098,3654.51956,3588.319851,3549.175981,3516.678974,3458.395485,3408.485951,_,12.15945444,_,5.200930292,18.41062362,5.201031037,5.222409514,5.967575739,59.46115201,49.76365387,_,29.01390741,59.42454585,7.412297727,24.2383322,9.925804039,15.74218945,_,_,_,1.971312763,_,0.888888889,2.82338437,0.888906684,0.893192879,1.012546878,7.783436279,6.697742252,_,4.163982102,7.2,1.299484361,3.558868107,1.764534846,2.904643478
M9819,Macro,_,3900,3600,3600,3700,3700,3700,3700,3900,4100,3900,3600,3700,3800,3800,3800,3700,3400,3200,_,_,4307.261052,4326.042883,4283.454538,4184.90541,4185.204004,4152.19316,4034.164195,3946.671798,3872.324474,3844.018279,3811.712291,3759.448694,3779.761748,3798.543578,3755.955234,3657.406106,3657.704699,3624.693856,_,7.147080721,_,7.901073359,28.07243353,15.10247934,15.09838971,17.46236962,60.71938353,65.07322209,_,33.81875712,28.07066298,38.75761361,17.42390066,25.95987926,26.76473229,_,_,_,1.116568806,_,1.214285714,5.014934966,2.435875903,2.435149327,2.87311866,6.75395633,7.148417947,_,4.001857516,5.014550265,7.443331866,2.879238536,4.487954624,4.617835026
M9820,Macro,_,950,920,880,840,800,770,760,730,730,760,770,770,800,840,840,810,790,790,_,_,932.4912132,925.8881016,914.9058012,908.0914492,895.8959675,887.333642,881.3085049,879.8609599,873.2544759,861.8104782,849.3336031,844.1714771,836.3196628,826.9690304,817.1828832,811.1105853,800.2428674,792.6125407,_,7.387330565,_,16.35126926,11.01568153,9.749108679,9.749108875,7.478475936,30.30305138,8.972991883,_,10.08769772,11.01489581,18.54456849,8.249604014,17.44771834,26.07258153,_,_,_,1.356899733,_,3.158469945,1.82087281,1.803669067,1.803669104,1.372161145,4.774622378,1.525798371,_,1.873015228,1.820765027,3.638898816,1.532449757,3.394371138,5.350076503
M9821,Macro,_,1050,1040,1010,980,950,940,920,890,870,800,760,750,750,740,740,720,670,610,_,_,1090.596255,1099.582426,1085.347041,1075.69962,1067.796887,1062.033709,1059.955742,1055.077506,1050.518258,1047.610716,1036.677222,1024.577013,1024.907218,1017.56648,1005.264304,996.9155308,990.0696495,985.0732436,_,22.16652477,_,22.81849677,72.91518563,9.440739235,9.440744475,5.607860578,15.33836209,18.05977274,_,14.40624641,72.96612251,14.03173654,9.252176559,25.83104874,34.74464743,_,_,_,4.219423327,_,4.366216684,7.704410963,1.636270029,1.636270895,0.985932138,2.718898272,3.34683106,_,2.56582696,7.708549671,2.475429005,1.553386036,5.062124742,7.266132894
M9823,Macro,_,3200,3300,3200,3100,2900,2600,2200,1900,1900,1800,1700,1700,1600,1600,1600,1800,2000,2200,_,_,4047.63754,3951.982033,3856.688067,3607.792318,3524.250715,3481.850615,3496.620549,3483.59359,3416.337524,3334.12813,3271.02332,3213.312897,3289.690385,3199.617353,3109.537244,2873.525061,2794.539784,2754.495772,_,42.82588769,_,34.88681345,34.89170889,34.88737221,34.88743612,34.88865288,38.27838657,47.7999163,_,36.43036815,34.88681345,30.75168492,33.85386298,48.03749791,75.51445351,_,_,_,4.057457184,_,3.042105263,3.042665391,3.042169013,3.042176345,3.042315668,3.454695547,4.68777829,_,3.213501913,3.042105263,2.607412107,2.930102143,4.712455736,9.321672718
M9824,Macro,_,5400,5400,5400,5300,5200,4900,4600,4700,4600,4400,4100,3800,3800,4000,4200,4200,3700,3400,_,_,6170.902064,6096.845923,5982.780297,5903.145228,5860.034516,5832.888641,5788.841173,5744.96535,5718.698432,5677.987122,5657.661312,5625.389427,5711.324101,5637.26796,5523.202333,5443.567264,5400.456552,5373.310678,_,24.77257046,_,20.76110429,4.176217627,15.30349044,15.33022096,13.03141455,10.78728934,15.16669407,_,15.21575966,4.177191213,15.98505663,10.02395543,29.12815301,37.6683276,_,_,_,3.820974132,_,3.101936799,0.554435395,2.180400352,2.184735306,1.819790224,1.520163278,2.195751419,_,2.179960491,0.554536188,2.288585396,1.366738635,4.676379494,6.35683668
M9827,Macro,_,3900,3300,3000,2900,3100,3400,3500,3300,3000,2900,3000,3300,3700,4000,4200,4500,4500,4400,_,_,4458.695651,4367.713728,4271.706928,4402.279736,4256.728944,4136.115515,4019.19292,3983.604424,3949.945475,3893.710095,3838.091497,3703.335151,3676.779099,3630.304379,3544.382773,3661.260846,3530.986221,3423.188764,_,21.6907858,_,24.62170796,82.30085321,16.7079154,16.52545637,23.7754852,21.31437626,26.1107312,_,20.97226558,88.50203554,23.99299771,24.09937475,27.06804382,45.16761733,_,_,_,2.81187129,_,3.312820513,6.891102072,2.106012361,2.079691504,2.86491564,2.785512793,3.551620907,_,2.723249235,7.361823362,3.255937742,2.900121912,3.712031308,7.044032821
M9828,Macro,_,3700,3400,3100,3000,2900,3000,3000,2900,3000,3100,3200,3200,3000,3100,3200,3100,3200,3400,_,_,3486.719403,2904.949995,2972.106994,2931.06466,2902.136751,2858.111802,2846.363131,2855.302819,2850.884184,2836.551453,2803.523813,2787.133618,2672.464804,2643.94157,2635.272391,2603.37903,2577.940923,2539.221763,_,10.86624336,_,21.79003006,104.753259,8.42556435,8.425535547,22.90113639,65.8411017,52.8411942,_,16.52647596,104.7554937,5.294362414,32.56116134,17.35524018,12.79747177,_,_,_,1.825045829,_,4.312962963,11.83675188,1.433032947,1.433028672,3.459687148,8.684950745,7.302235641,_,2.690421023,11.83703704,0.952266811,4.572049056,3.373189028,2.39810728
M9830,Macro,_,2600,2600,2500,2300,2100,1900,1800,1700,1800,2000,1900,1800,1700,1500,1300,1400,1400,1500,_,_,2736.928837,2667.006427,2743.658181,2564.887252,2624.912295,2551.819029,2662.509672,2593.083655,2636.686041,2518.662611,2587.431717,2509.772654,2601.885941,2548.35971,2620.81319,2451.79134,2508.559582,2439.429897,_,33.5555182,_,34.03043446,33.90706684,33.8379483,34.02681155,33.988134,21.5292359,30.63031368,_,36.86797401,34.03043446,33.77422083,34.9225035,38.23702883,38.73480586,_,_,_,5.608769161,_,5.710594315,5.683731206,5.668993681,5.709810136,5.701378555,3.262460988,4.9949953,_,6.33568321,5.710594315,5.671675509,5.905984345,6.640630215,6.746599127
M9831,Macro,_,3800,3800,4000,4100,3800,3400,3200,2900,2400,2200,2400,2500,2300,2200,2300,2400,2300,2200,_,_,3431.850039,3428.879316,3356.824605,3374.771871,3391.234341,3405.428576,3429.295219,3433.498646,3509.220427,3515.545087,3463.612428,3450.899866,3394.232079,3391.327792,3319.609808,3337.487374,3353.881848,3368.015891,_,26.31620572,_,34.46824467,43.61424665,28.07529811,28.07813946,35.49201031,70.52137331,45.58380706,_,14.31906769,9.55118031,46.23994113,21.49029181,35.55088759,28.31116245,_,_,_,2.734743909,_,3.854875283,5.325227382,2.962718032,2.963092366,4.010563999,5.360825487,3.69947692,_,1.253368538,0.944444444,5.856003347,2.224003854,4.01746421,2.990281827
M9832,Macro,_,5400,5400,5400,5200,5000,5100,5300,4700,4000,3700,3600,3500,3700,3900,4200,4300,4500,4600,_,_,5998.906037,5901.326214,5861.036288,5703.071722,5696.764322,5688.168142,5626.915757,5662.901842,5729.545105,5743.740637,5655.799247,5615.833677,5668.387294,5570.811367,5530.522026,5372.557548,5366.25016,5357.653983,_,23.0322442,_,22.14793239,9.641402241,22.14828336,17.38412551,15.75568098,15.18187282,14.78168482,_,11.66568192,22.7374743,51.22382575,18.99143023,27.70342951,34.73381232,_,_,_,4.580881613,_,4.365934797,1.691429436,4.366016269,3.292113276,2.943454534,2.672747568,2.606335833,_,2.121105141,3.370592149,12.83279199,3.750849479,5.701625946,7.511078716
M9833,Macro,_,2600,2300,2300,2300,2100,2100,2200,2300,2100,1800,1600,1700,1900,2200,2300,2200,2100,2200,_,_,3497.972526,3667.010659,3556.826243,3540.724024,3497.341101,3470.2788,3389.863408,3279.282275,3228.330062,3187.967195,3183.175576,3134.647577,3116.909103,3046.042183,2944.839926,2927.593491,2877.940511,2846.881265,_,41.75867339,_,34.5389585,23.17570451,25.51096816,29.94150199,29.38712358,45.49867923,47.89253604,_,31.85479534,145.9016032,24.54938167,39.40127254,49.08349575,60.29020998,_,_,_,6.072740279,_,4.744888889,2.981502213,2.517366842,3.992997214,3.906535319,6.750569475,7.202620856,_,4.323094617,15.92711111,3.206109074,3.224430446,7.474537566,9.893576889
M9834,Macro,_,3800,3600,3600,3500,3500,3500,3500,3600,3600,3600,3600,3500,3400,3700,4100,4300,4000,3700,_,_,3830.891147,3679.764305,3547.46087,3436.761437,3366.662652,3324.152785,3256.010026,3203.597649,3135.324672,3111.80547,3067.853401,3026.175949,2979.784412,2923.941972,2820.667218,2732.586932,2676.81241,2642.98957,_,15.78618204,_,8.120230317,23.8617897,24.13720738,7.826305711,9.252827075,40.29414089,49.24405895,_,30.22984535,23.19194361,13.94555488,16.51081185,8.683419303,33.51880269,_,_,_,3.009021416,_,1.731481481,4.257723878,4.299491905,1.608376446,1.871301341,6.68993533,7.999699593,_,5.210574548,4.155555556,2.912122005,3.085964931,1.857597436,8.333139153
M9835,Macro,_,3300,3100,2800,2600,2400,2100,1800,1700,1500,1300,1500,1800,2100,2100,2000,1900,1800,1600,_,_,3274.197945,3054.440581,3022.426087,3112.935567,3117.608965,3086.867554,3038.012021,2976.121818,2926.365698,2887.835785,2810.902981,2655.594635,2482.171076,2428.519852,2401.723774,2499.613111,2504.562145,2471.996171,_,32.74741823,_,47.83345331,47.84123646,47.83464543,47.83586249,47.83685084,20.48777795,20.11082924,_,26.9349841,47.83345331,56.41650529,45.11975608,45.00197705,57.58490595,_,_,_,3.615579482,_,5.894405043,5.895758206,5.89461121,5.894821445,5.894994897,2.102396986,2.031492499,_,2.85997781,5.894405043,7.634586551,5.456096696,5.414213848,7.680677699
M9837,Macro,_,2000,2000,2000,1800,1800,1800,1600,1500,1600,1600,1400,1300,1300,1400,1700,2000,2200,2200,_,_,2053.917535,1965.055651,1922.62635,1899.393058,1840.268874,1836.188352,1843.640485,1894.901544,1841.004121,1856.057589,1835.23792,1857.437394,1883.285559,1911.744172,1871.264332,1849.085873,1792.605384,1788.705156,_,15.13414382,_,17.63986656,16.93629832,17.63958431,17.63960597,17.4069649,38.35727843,23.66812633,_,14.89777769,17.63986656,20.49652273,15.70152537,27.89099066,27.31066961,_,_,_,1.891405741,_,2.250591017,2.145387851,2.25054872,2.250551965,2.215510284,4.117717705,2.720579047,_,1.854699223,2.250591017,2.800628641,1.9936884,3.887753617,3.775031059
M9839,Macro,_,3200,2600,2500,2600,2800,2700,2300,1900,1700,1900,2200,2200,2100,2000,2100,2000,2000,2000,_,_,3832.567601,3895.988248,3864.435263,3779.324553,3707.400009,3699.00218,3707.853783,3730.686011,3719.730394,3661.518969,3586.186347,3556.077771,3646.623721,3709.542778,3678.238465,3593.807268,3522.467223,3514.138268,_,48.72414397,_,48.99635622,102.0092918,20.48439837,20.4948208,15.53576045,41.58185136,41.26230754,_,36.52690144,102.0142562,47.65698623,15.80956953,56.25079754,57.77036441,_,_,_,10.74802495,_,10.82962963,11.54239041,3.739956659,3.74203648,2.709064163,8.7194786,8.627418975,_,7.39224375,11.54320988,10.4332626,2.966373857,13.15673014,13.61755147
M9841,Macro,_,1900,1500,1500,1700,1800,1900,1900,1800,1700,1800,1700,1700,1600,1400,1100,1100,1200,1200,_,_,2157.767934,2351.603472,2209.412741,2282.368047,2145.040317,2231.0466,2124.289269,2314.754858,2217.487325,2335.344622,2186.693227,2271.824786,2175.688138,2374.423006,2228.563691,2303.349137,2162.665313,2250.728965,_,35.5036776,_,38.108942,31.9402501,23.91724734,23.96384134,18.06749085,22.33394438,32.87239162,_,14.69262865,32.09520651,34.88310091,21.33469163,36.81072471,39.81175534,_,_,_,4.466486102,_,4.873333333,2.78634577,2.74760489,2.753962073,2.017404681,2.204311405,3.023920497,_,1.505061948,2.795555556,3.474773288,2.162222774,4.679439346,5.154829885
M9842,Macro,_,2300,2200,2300,2200,2100,2100,2100,2100,1900,1600,1600,1900,2100,2100,2200,2200,2100,2000,_,_,2381.388564,2549.246371,2594.324833,2547.893205,2489.453208,2588.520602,2531.569894,2562.137594,2462.964034,2518.270118,2454.999305,2459.310325,2389.908939,2393.367389,2281.458554,2243.931512,2196.567298,2276.772485,_,17.13291715,_,19.66901009,33.64037146,7.221991541,7.225060144,9.687973534,14.42082329,10.72407429,_,11.58090522,33.63368672,23.49402031,11.51140595,37.68371118,36.24636517,_,_,_,1.937768286,_,2.243943191,2.72724542,0.743970255,0.74431082,0.985554294,1.626295824,1.130713124,_,1.246529297,2.726817043,2.833472701,1.206403757,5.009076835,4.606453951
M9843,Macro,_,2700,2600,2800,3000,2800,2300,1900,1700,1700,1700,1500,1400,1500,1500,1300,1300,1400,1300,_,_,2734.517029,2672.891739,2566.602697,2409.481562,2372.474939,2369.944106,2368.706052,2350.142287,2280.177447,2243.877234,2190.752916,2123.962378,2063.752208,2000.627995,1891.645822,1730.265317,1692.202006,1689.598109,_,23.0047972,_,44.93000303,39.43139959,53.77910579,53.80796594,46.19255136,41.77398771,45.88627459,_,46.41425011,67.88805672,50.70526804,55.72689865,63.1351069,61.85650487,_,_,_,2.673204376,_,6.126126126,5.096331882,7.976140393,7.982725277,6.370653041,5.518556799,6.290027305,_,6.441361511,11.87787788,7.315125956,8.488434406,10.06609156,9.780999153
M9844,Macro,_,1500,1600,1800,1800,1700,1600,1400,1300,1200,1100,1100,1200,1200,1200,1200,1400,1600,1500,_,_,1456.303493,1397.317158,1341.838585,1264.600277,1235.125043,1211.674642,1190.902468,1168.772172,1148.470123,1099.859587,1098.404204,1087.70741,1069.020772,1048.188296,1006.016105,940.366519,915.0197673,894.8887814,_,20.44118782,_,14.94149253,51.64370516,27.04733757,26.90526467,32.37639248,41.27994239,34.73015876,_,32.76477031,51.63737818,18.21025339,22.33859658,15.25092674,34.22807135,_,_,_,1.73616758,_,1.367195767,6.729272556,2.740273748,2.72242639,3.462332529,3.147165735,2.652737297,_,2.45599735,6.728042328,1.733307065,2.17954098,1.397345157,3.634902098
M9845,Macro,_,11000,11300,11500,11300,11200,11700,12200,12200,12400,12700,12700,12600,12600,12500,12300,12300,12300,12200,_,_,10435.25337,10209.39346,10324.06363,10664.93378,10746.48142,10616.14687,10649.82508,10711.25733,10787.78708,10695.09134,10776.65317,10891.56844,11009.73636,10973.66344,11073.86913,11399.36396,11477.34565,11352.73071,_,10.72430774,_,13.68142212,10.08677943,5.284978623,5.356196746,3.509154687,8.362598062,5.284511294,_,3.234216009,10.08814151,9.93756783,3.544862361,12.36563871,18.34085161,_,_,_,4.323965736,_,5.452462772,4.73126823,2.206177242,2.234990763,1.469386504,3.646325351,2.286928448,_,1.347187862,4.731958763,4.030223522,1.519966763,4.945387835,7.1394937
M9846,Macro,_,11300,11400,11300,11300,11100,11000,10900,10900,11000,11100,11000,10700,10200,9700,9200,8900,8900,9100,_,_,10905.59287,11038.95363,11141.35198,11278.87549,11306.81175,11345.95488,11411.47672,11500.16758,11541.29475,11503.65793,11513.3532,11534.66864,11510.83306,11592.71771,11689.05751,11819.31505,11845.79677,11882.91383,_,10.02714063,_,6.505025531,20.50719303,10.75028743,10.75024657,12.62030317,23.51628794,24.09162972,_,15.62723958,20.50868802,9.093217083,12.5244722,6.808118466,8.607527427,_,_,_,4.128348128,_,2.575757576,9.314857484,4.456103669,4.456085016,5.334401875,10.73471055,11.03083739,_,6.782351803,9.315656566,3.599037301,5.317237774,2.70214892,3.425791919
M9847,Macro,_,1800,1800,2000,2100,2100,1900,1700,1400,1300,1300,1100,1100,1400,1700,1800,1800,1600,1300,_,_,1601.074807,1502.556339,1448.902839,1424.989497,1433.398099,1438.097766,1446.520324,1454.234949,1467.540731,1452.557879,1457.00875,1423.912216,1361.372827,1300.577705,1249.461221,1227.31494,1235.109235,1239.465803,_,21.99665934,_,17.40111928,19.71887143,17.40617331,17.40467722,18.18796709,28.48023398,30.23342202,_,15.1526177,17.40111928,33.09349121,17.39357562,17.06073231,17.30521786,_,_,_,3.015556222,_,2.453102453,2.83852401,2.453924069,2.453680846,2.5817691,3.703245746,3.91607622,_,2.074408938,2.453102453,5.476452214,2.451178534,2.396961657,2.436167587
M9849,Macro,_,2300,2300,2300,2500,2500,2400,2300,2300,2700,2900,2900,3000,3100,2900,2700,2800,3000,3100,_,_,3082.98519,3061.983419,3006.739565,2876.520068,2771.725051,2700.098758,2605.185678,2523.37002,2403.78716,2264.845138,2165.653155,2094.254023,2160.323001,2140.616266,2088.818588,1966.960722,1869.155004,1802.449596,_,26.02278255,_,18.50455816,15.818803,8.553053024,8.542776678,5.357023525,24.9796275,36.51811723,_,130.932723,15.82018498,21.01664756,37.65130858,13.0557838,46.09071015,_,_,_,3.273636117,_,2.316301703,2.398805628,1.142523334,1.141196132,0.715826049,3.699572368,5.851392224,_,12.5291444,2.399026764,2.566546803,4.189932711,1.723786895,7.826618005
M9851,Macro,_,1600,1500,1300,1100,1100,1200,1200,1200,1100,1200,1300,1400,1400,1300,1300,1400,1400,1500,_,_,1841.579234,1849.276687,1857.898758,1857.634831,1833.577864,1817.987024,1799.954492,1771.213078,1763.113123,1767.254739,1756.888027,1713.235807,1726.951739,1733.440752,1740.700636,1740.478541,1720.198863,1707.018335,_,31.05776726,_,32.33267703,22.28774013,32.33430056,30.65655811,22.62102321,31.29864521,29.95514258,_,13.30569048,157.6748175,35.83080161,72.88158243,48.02061324,56.79421879,_,_,_,4.063933699,_,4.255977496,2.469477982,4.256236546,3.992231484,2.816766471,4.125023624,3.908704921,_,1.49434124,20.27566807,4.902343368,5.170045915,7.042636964,8.827114991
M9852,Macro,_,2200,2100,2000,1900,1600,1400,1300,1200,1300,1500,1400,1300,1400,1400,1200,1200,1300,1500,_,_,2224.058253,2221.962779,2276.678476,2273.882855,2284.521244,2269.995732,2229.89992,2218.601365,2178.450626,2075.285546,2025.92316,2054.491441,2026.338198,2020.687246,2040.320199,2037.957357,2046.947504,2034.671563,_,36.00532675,_,34.72747572,66.30024958,40.29367252,47.29815285,51.08280099,13.51459272,12.4539266,_,24.19539872,66.30808963,61.85207424,53.68944149,37.38417548,50.30430393,_,_,_,3.082197424,_,2.935251799,7.526867886,3.558780906,4.421022911,4.961033038,1.037520388,0.938101199,_,1.901277747,7.528377298,6.778280863,5.355056108,3.22902228,4.785419436
M9853,Macro,_,2600,2400,2300,2100,2100,2100,2200,2100,2000,2100,2100,2000,1700,1400,1300,1600,1800,1800,_,_,2341.534737,2409.377934,2389.33787,2358.185763,2316.069727,2275.10083,2238.095174,2232.059941,2209.397127,2188.873124,2198.395659,2204.631006,2205.878299,2237.288399,2223.888421,2195.843824,2157.900491,2120.95891,_,15.02679344,_,24.698715,8.095071962,24.6980199,28.98911502,20.86268288,26.22560412,25.75443889,_,33.68647597,72.00243842,34.16334471,37.60673028,11.553716,26.58820431,_,_,_,1.82698408,_,3.262626263,0.923387053,3.262516137,3.9641558,2.669171048,2.907176748,2.858324576,_,3.399805257,14.93939394,4.980139324,5.59548347,1.353718699,3.565739046
M9854,Macro,_,4300,4400,4200,3900,3600,3500,3700,4000,4000,3700,3400,3200,3000,2900,2900,3200,3300,3300,_,_,4021.467599,3987.677053,3977.280089,3965.266304,4002.250917,4008.533936,3998.998568,3960.91384,3957.069182,3928.068692,3984.122476,3975.291646,3919.037116,3885.646362,3875.450655,3863.56595,3900.507234,3906.804221,_,13.20653226,_,19.17606363,52.72744851,32.09134438,32.09127695,36.22720511,36.2933479,34.13973067,_,33.24218905,51.95946855,26.11807771,38.24770061,21.29085168,14.82077489,_,_,_,2.306624386,_,3.509850276,12.89574068,6.472996697,6.472979853,7.608296278,7.606288178,6.993534386,_,6.782681563,12.61938534,5.047622687,8.149896531,3.980072482,2.620369551
M9855,Macro,_,2200,2200,2300,2300,2200,2100,2100,2100,2100,2000,1900,1900,1700,1400,1300,1400,1400,1300,_,_,2098.79818,2059.298936,2023.249898,1822.841455,1808.05671,1819.444522,1787.430688,1768.083868,1702.29862,1680.794042,1644.290674,1621.387934,1583.486718,1546.596136,1512.963873,1326.675732,1312.982593,1323.528956,_,12.7041174,_,18.22873023,48.12438802,14.36519495,14.61137032,11.15816524,12.04451724,10.57071753,_,25.18593149,47.37658082,20.00110051,14.34007774,19.84902598,37.73462794,_,_,_,1.734479776,_,2.504830918,4.731652671,1.889501595,1.926321825,1.499477336,1.57092641,1.322391289,_,3.74396962,4.68115942,2.680185973,1.929626352,2.776922392,6.163642679
M9859,Macro,_,1600,1700,1600,1700,1700,1700,1800,1700,1500,1300,1300,1300,1400,1500,1500,1400,1300,1200,_,_,1629.067542,1816.630988,1890.255496,1873.566142,1868.414878,1848.831784,1817.280593,1798.056643,1848.822155,1874.111936,1857.767611,1812.171836,1812.638413,1822.430934,1820.465104,1784.608578,1779.794405,1761.489609,_,19.00265122,_,11.07884949,8.695652679,14.54348466,15.55025543,9.052585748,118.3218636,65.49634268,_,37.25527376,95.16056628,23.96579165,45.9746629,16.92527696,19.03664502,_,_,_,2.935176182,_,1.596244131,1.24977085,2.027670417,2.151652846,1.304489455,10.51875928,6.943707734,_,4.353412485,8.247261346,3.059089366,5.14716503,2.582989591,2.932249096
M9860,Macro,_,2400,2100,1700,1500,1500,1600,1800,2000,2200,2100,1900,1700,1600,1500,1600,1800,1900,1700,_,_,2559.740373,2513.500196,2612.514884,2479.238434,2534.055693,2356.187803,2438.353128,2265.108623,2330.222581,2184.977143,2274.253821,2134.976405,2169.191413,2074.381486,2152.397693,2034.156417,2082.753336,1925.262467,_,23.54924552,_,32.75039922,80.11009684,53.65472262,53.6547266,59.03313339,13.2736954,15.66194322,_,29.75722002,80.19593995,51.19204877,58.05224708,31.48038467,40.91074524,_,_,_,2.874238536,_,4.182539683,15.68664715,7.979651366,7.979652208,9.282905866,1.453875783,1.81211791,_,3.79733346,15.71825397,7.486935663,9.00084103,3.985382676,5.526970805
M9861,Macro,_,6800,7200,7300,7200,7500,7700,7500,7500,8200,8900,9200,9400,9300,8800,8500,8200,7800,7400,_,_,8098.251509,10519.94493,8529.26653,10819.01182,8661.80748,10223.65137,8611.443367,10500.26468,8961.32654,10881.96496,9143.01051,11053.09168,9815.511944,11686.88233,9747.975006,12059.447,9575.473025,11358.05743,_,21.88660358,_,15.97540925,31.04071631,20.63258788,20.64344898,22.32041866,35.76638403,25.59339914,_,10.91310797,31.04054464,25.19668452,21.83028462,14.76836302,10.06330566,_,_,_,6.562814155,_,4.015029522,7.135836252,5.042340744,5.044680055,5.398504323,11.34221958,7.628769478,_,2.836830279,7.135802469,5.952044323,5.288474972,3.740998875,2.6791416
M9865,Macro,_,3210,2940,2860,2660,2610,2760,2540,2400,2760,3020,3190,3280,3060,2810,2720,2720,2860,2720,_,_,3085.759535,3077.927638,2879.245656,2587.530348,2630.720218,2746.558267,2682.074067,2722.846419,2722.097279,2724.213157,2672.335573,2662.892802,2492.145127,2491.318081,2350.496739,2111.262158,2145.442881,2237.023556,_,11.2049012,_,13.87500879,13.07692272,13.92368797,14.04760082,9.526319091,83.01037735,72.4546063,_,85.86806663,11.41440596,7.528251904,23.30027439,13.50142666,38.1952932,_,_,_,0.759185056,_,1.049147692,0.901084144,1.053193627,1.063565761,0.700921392,4.108151152,3.642254826,_,3.871049377,0.805192651,0.535883607,1.412242988,1.018241216,3.374793969
M9866,Macro,_,2320,2260,1990,1380,1190,1140,1470,1780,2050,2600,2830,3060,2860,2380,2340,2350,2420,2470,_,_,2491.219718,2189.83683,2048.786589,1918.950447,1977.762598,1975.492327,1996.372972,2042.49651,2229.217176,2393.000746,2431.988787,2479.08642,2293.356173,2097.209853,1978.356509,1854.206915,1910.456345,1908.285408,_,20.56959722,_,21.11381431,30.97441367,21.1142038,21.11792252,23.88103365,189.3944495,165.5883982,_,33.37042533,165.8219071,20.41740341,100.1931795,23.08078893,24.38484036,_,_,_,1.584505502,_,1.660679397,2.406038088,1.660717986,1.661205346,1.893920365,8.155425745,7.623509823,_,2.558733066,15.75824037,1.580318787,5.717382562,1.846837621,1.916186838
M9867,Macro,_,1400,1420,1140,980,1100,1200,1300,1340,1440,1220,1020,1080,1190,980,870,720,760,830,_,_,1331.465009,1336.174126,1057.908648,815.8214481,858.1647585,931.1805078,1130.9998,1200.901989,1224.547984,1182.941503,1120.251499,1198.192326,1302.628941,1307.935597,1035.640179,798.7250496,840.16542,911.6223889,_,13.0824125,_,20.82375456,25.01969382,12.74602505,20.8301723,22.20560674,48.30925566,41.63359327,_,19.6701212,96.54017596,17.86247025,48.96263174,11.71564737,17.14462305,_,_,_,0.833496676,_,1.38419882,1.734466905,0.799444284,1.384708959,1.496205595,2.632567568,2.316165011,_,0.991212589,14.61464075,1.08706932,4.418794543,0.742156892,1.103479354
M9869,Macro,_,3700,3570,3360,3220,3380,3680,3780,3980,4210,4700,4570,4180,3940,3700,3410,3060,3360,3690,_,_,3242.680251,3226.275246,2952.114168,2703.323854,2984.428595,3249.561973,3330.508537,3706.733062,3961.23189,4115.532036,3936.299934,3894.122049,3547.077508,3519.054697,3215.101444,2939.773473,3250.89822,3544.897188,_,9.572644971,_,9.207947131,9.937173972,9.20801217,9.216263037,9.147035877,129.9331327,103.8839741,_,23.18526914,33.73310986,5.025251206,18.8960495,9.075167581,23.30899972,_,_,_,0.961647964,_,0.977172717,1.051649231,0.977179577,0.978049878,0.970835849,8.283275975,7.136657107,_,2.172460178,2.95489549,0.544163456,1.826603867,0.964644222,2.256692336
M9870,Macro,_,1620,1790,1740,1370,1180,1170,1120,1330,1460,1710,2120,2020,2010,2000,1630,1480,1360,1510,_,_,1875.497393,1847.215504,1718.227855,1629.07505,1640.668895,1686.881828,1779.72094,1787.498559,1859.042364,1888.153676,1894.540646,1879.616271,1865.656474,1837.727948,1710.257457,1622.064339,1633.53743,1679.257041,_,16.17456927,_,22.50165736,23.31695472,22.50191303,22.54857109,22.79191095,49.6691961,38.88681939,_,32.05897015,55.09490545,16.83834278,16.63179998,19.18596137,20.91213451,_,_,_,2.017342661,_,2.927558649,3.056437118,2.927598239,2.934872884,2.972969383,5.129570009,4.195552298,_,4.562594458,5.149523073,2.108375678,2.093755492,2.434203423,2.685716191
M9871,Macro,_,4160,4150,4130,4040,3920,4060,4240,4200,4320,3940,3720,3560,3450,3150,2960,2710,2680,2500,_,_,4056.70941,4134.374907,3816.720812,3458.296481,3501.435901,3786.183833,3671.372911,3434.869202,3830.963949,3856.363932,3721.86311,3655.506578,3171.574698,3245.385036,2943.909818,2605.187096,2645.864859,2914.988091,_,7.127891698,_,15.60678214,10.83490346,15.76148597,15.78396537,14.12345209,20.50382448,15.88763149,_,11.05099747,149.5054308,13.06544479,55.76830283,16.06415442,37.3683301,_,_,_,0.73073386,_,1.59684123,1.044558657,1.615585472,1.618311589,1.418019879,2.224543096,1.639085769,_,1.067701118,12.40888519,1.293505293,3.98747982,1.669341637,4.585821977
M9872,Macro,_,760,770,660,500,460,410,350,330,520,520,550,490,530,480,430,420,430,400,_,_,629.7924447,471.9620746,438.9888162,418.3870457,404.3327849,407.8630377,412.4952293,414.9473335,446.3631349,478.7045149,480.0904909,464.4429447,443.6873151,419.9613608,396.9418802,378.5650952,366.0205671,369.1722274,_,16.29454848,_,46.82689049,23.81168314,46.82582429,56.55173594,43.81440135,151.2626417,171.5384784,_,29.82198215,101.6144094,22.2673071,62.1158187,42.83170554,39.94701202,_,_,_,0.876784341,_,3.124162257,1.373637488,3.124064895,4.087287508,2.855448508,4.365506714,4.844925841,_,1.786959154,12.35273369,1.253978443,4.820735009,2.769662236,2.520168582
M9873,Macro,_,1000,970,640,580,580,530,560,570,690,960,1120,1260,1360,1260,1220,1140,1070,930,_,_,896.6671439,894.5242986,785.2551313,666.8144104,694.6953688,740.4921109,777.0654117,782.499694,833.471957,956.2857493,1075.486193,1066.184678,1068.065901,1035.024262,907.0046862,767.798564,800.522871,854.3361531,_,19.87008244,_,27.58183198,37.42148373,27.58194647,27.52445293,27.86352634,200,198.3136624,_,37.87705514,138.8789149,27.72353129,77.49252828,28.12977216,38.22690765,_,_,_,1.562755998,_,2.199080255,3.406523073,2.199092357,2.207669716,2.247416256,8.291944815,8.252247675,_,2.850684152,9.835336004,2.128064736,4.600915726,2.236897149,2.969224458
M9874,Macro,_,2240,2100,1970,1440,1240,1310,1420,1380,1510,1710,1670,1770,1810,1600,1390,1160,1200,1150,_,_,2277.319214,2226.652622,2116.834368,2009.59248,2081.877819,2129.629006,2274.809423,2319.852453,2306.924128,2415.516667,2434.175496,2365.558039,2328.524929,2205.980248,2097.786758,1992.082132,2063.336704,2110.394714,_,35.95810871,_,35.47770805,34.02426564,35.47852235,32.42406171,33.98691854,140.4089081,108.3256603,_,17.11035221,120.6986253,14.29227211,32.26140286,31.17939365,36.85434329,_,_,_,3.495669964,_,3.424826251,3.246706763,3.424926796,3.055628105,3.242420543,6.741919892,5.535746267,_,1.444178322,7.346177531,1.296615065,2.024080317,2.959328147,3.596470849
M9875,Macro,_,1110,900,710,800,720,980,1130,1120,1060,1020,800,1120,1320,1220,1100,900,860,990,_,_,934.0461683,956.6844884,782.5909852,707.1533179,723.6744556,827.1971222,980.1199215,1081.394021,1067.180629,922.161333,771.5528411,872.2274972,836.7454832,832.4477467,678.1737069,611.5054062,626.0955699,717.6491473,_,19.51779005,_,14.44140288,15.23051307,15.3055894,14.44447333,14.50025694,47.53412021,40.67586825,_,39.34402016,87.15640396,9.857245917,39.72982,14.80684453,14.73725582,_,_,_,1.022151862,_,0.808387157,0.852782441,0.826814347,0.808572282,0.811772974,2.239969773,1.966941937,_,1.789618817,9.955256014,0.556186554,2.846387219,0.82191684,0.824379307
M9876,Macro,_,1180,800,530,420,530,570,630,640,890,950,920,780,740,520,340,250,300,330,_,_,1792.067797,1565.980526,1395.787044,1276.234574,1297.003342,1378.463262,1428.407797,1557.849153,1746.726146,1851.189163,1962.191984,1942.54628,1872.628378,1648.035545,1468.007495,1341.624309,1363.574851,1449.689781,_,89.90635091,_,82.99376609,92.500069,82.99426289,83.75533088,86.65179081,197.568029,102.6765473,_,43.65947466,81.77347845,55.16397797,34.01271347,67.12594631,75.77883861,_,_,_,5.575910692,_,4.842632745,6.053326106,4.842685866,4.926365247,5.274125724,3.673341028,2.194566765,_,1.810353722,2.205068902,2.689978111,1.433488915,3.33123229,4.116590337
M9878,Macro,_,2620,2440,2150,1870,1760,1730,1730,1900,1950,2040,2130,1850,1780,1540,1300,1180,1210,1300,_,_,2554.773921,2431.756027,2216.517156,1949.387455,2044.227663,2099.569,2113.397437,2157.442303,2182.558463,2232.314094,2234.1854,2142.569216,2063.995543,1956.909752,1783.626884,1568.578624,1644.926724,1689.478242,_,15.07907967,_,40.50157674,34.75035754,40.50154105,40.50203429,38.64769186,12.91501158,12.66828683,_,28.64324721,43.70942231,28.90529731,21.78807048,38.69578489,56.46556599,_,_,_,1.088302132,_,3.582335836,2.930339066,3.582331675,3.582389882,3.365020213,0.944387326,0.919276073,_,1.499682996,3.975519037,2.373973514,1.663709718,3.385150162,5.651706835
M9879,Macro,_,3110,2820,2560,2400,2480,2490,2720,2760,2730,2620,2400,2460,2420,2340,2000,1860,1800,1850,_,_,2983.381559,3095.934007,2752.519519,2641.71504,2530.629831,2866.052345,2865.665147,3217.243162,3100.164602,3222.734434,3100.87728,3189.295787,2968.881841,3107.188455,2761.636723,2650.18538,2538.47289,2875.854083,_,19.14210068,_,27.16172637,25.83453638,27.16200478,27.16121415,26.72234246,8.666735551,8.685405309,_,4.938607827,11.44654818,25.27530701,9.248291957,28.55055221,30.91259378,_,_,_,1.824662356,_,2.713932598,2.554888376,2.713965955,2.713870761,2.660908312,0.765283914,0.765500737,_,0.459979744,0.973654066,2.499118819,0.826186722,2.882698206,3.173343229
M9880,Macro,_,1130,1260,1090,920,910,930,1000,1140,1140,1240,1270,1320,1330,1170,1020,870,960,970,_,_,1131.620851,1011.459354,1038.749775,873.2705353,911.2417463,855.5613113,933.502087,889.1057974,978.9227908,951.2587503,1012.100977,965.3710175,1083.391163,980.9935394,1007.285533,847.7708889,884.3929352,830.6867144,_,12.93640234,_,11.88594132,13.98055611,11.88594168,12.0137971,11.68801889,95.67440245,80.75307718,_,14.98037274,30.42199562,9.304309993,12.41846173,10.93377355,12.40738961,_,_,_,1.61564224,_,1.512409317,1.7547193,1.512409317,1.53021367,1.488107819,8.253317803,7.30335864,_,1.865603254,4.628102329,1.196489133,1.593998527,1.401065138,1.577771721
M9881,Macro,_,2540,2360,2040,1740,1540,1930,1870,2140,2330,2430,2350,2280,2120,2220,2180,1900,1840,1980,_,_,2469.877848,2391.988305,2215.674655,2158.742111,2152.942524,2240.911238,2406.692899,2491.424103,2521.975764,2579.157662,2640.83723,2589.449156,2588.742728,2509.495027,2326.533639,2267.427934,2261.40621,2352.729258,_,14.14092653,_,25.68743785,34.444614,25.68703799,29.15590273,29.8650411,103.4477194,82.84707643,_,14.46333214,55.43334851,19.95505898,32.67486098,21.38519271,11.17189731,_,_,_,1.710934029,_,3.352855318,4.793015352,3.352793795,3.898360162,4.01472313,7.979105692,6.710931788,_,1.769021789,9.18700967,2.533718159,4.489542669,2.708266773,1.299800691
M9882,Macro,_,2320,2120,1850,1440,1380,1480,1610,1720,1510,1660,1880,2000,2100,2200,2110,2060,1960,1930,_,_,2376.16736,2233.097365,2065.728224,1761.490626,1907.34589,1910.113571,2086.270746,1954.595707,2060.671356,2053.490147,2192.639114,2030.24157,1963.701636,1750.709424,1633.891386,1398.054789,1529.513919,1531.876949,_,19.13458181,_,38.52779137,37.59207173,24.29280287,40.08832594,38.74416768,27.55151371,26.31235772,_,22.77103329,72.93750653,31.30423038,26.00992019,19.91084102,48.16048354,_,_,_,1.737638962,_,4.3202566,4.188800222,2.520609844,4.544801251,4.351376484,2.329447955,2.212748723,_,2.130243681,4.62225512,3.370707596,2.360965833,1.943835633,5.779952064
M9883,Macro,_,1520,1440,1320,1200,1270,1260,1280,1400,1530,1620,1590,1620,1500,1310,1070,860,940,930,_,_,1582.387433,1470.843675,1399.801407,1370.942705,1445.818216,1577.239842,1681.066944,1702.389951,1757.013469,1867.849063,1946.418468,1816.686694,1736.354346,1685.751429,1598.56091,1565.75783,1650.860934,1800.186419,_,23.49687155,_,21.36085516,33.00869312,21.36175602,20.98046845,25.14797973,116.0250574,102.6858652,_,8.787204483,141.6851335,11.83367948,62.3213283,21.19935395,15.31553707,_,_,_,2.915223952,_,2.537966538,4.388170838,2.538095976,2.483180985,3.104170238,8.351985804,7.613532057,_,0.965456209,13.2975833,1.280518095,4.641869783,2.514408106,1.704699379
M9884,Macro,_,890,870,740,690,660,690,640,670,680,710,730,840,780,770,850,800,780,760,_,_,845.1081543,865.4007503,831.8173017,730.0049865,719.2007476,732.896673,713.2504487,685.3184649,708.1560406,744.2012878,793.7578801,798.4968786,850.74679,875.6222093,840.9108164,738.0265647,727.1082409,740.948774,_,6.284573715,_,11.90286522,17.49002005,11.88757119,12.45259795,10.16748613,200,140.0934185,_,28.5911149,21.69826322,10.76921533,8.06916582,11.7064058,9.294991914,_,_,_,0.539934741,_,1.037160288,1.377118392,1.035711924,1.089397019,0.870093974,8.517286005,6.859356171,_,2.01594256,2.036605657,0.998503363,0.686850728,1.018491627,0.796478411
M9888,Macro,_,1700,1610,1310,1310,1220,1300,1380,1420,1550,1670,1780,1860,1920,1750,1630,1500,1360,1450,_,_,1503.785141,1345.472156,1320.842598,1278.168177,1287.333326,1421.160034,1563.700933,1672.626259,1520.354066,1553.377114,1637.034318,1558.210797,1559.007518,1607.240968,1576.241076,1522.372072,1533.929826,1703.407808,_,9.661340919,_,13.10732559,40.96415295,13.10740451,13.65564295,14.50215408,200,200,_,37.05901849,18.86439869,21.00827456,17.52128138,13.70724598,13.70685837,_,_,_,0.870671286,_,1.168779938,2.905833561,1.168787605,1.222400746,1.26862512,8.852071006,8.852071006,_,2.702498356,1.587113741,2.031071272,1.511204229,1.227341672,1.200687388
M9889,Macro,_,1240,1180,1070,970,830,800,760,810,830,900,860,900,880,790,720,780,870,700,_,_,1295.668305,1189.277952,1054.043226,948.4792304,939.7111328,1053.928912,1009.941623,1082.062364,1013.433081,1069.85519,1105.790627,1085.883103,933.1066951,959.8346341,845.0202195,755.0533408,747.601561,844.9225569,_,14.72103752,_,44.18287525,32.9850883,44.18322272,44.18369242,40.68190799,27.67706463,25.84616517,_,15.70078657,19.85320413,21.28552009,14.41871813,37.1661018,57.06631774,_,_,_,0.860071355,_,3.12557652,2.167785217,3.125608805,3.125652753,2.806348879,1.319139785,1.209433816,_,0.865537758,1.054926625,1.357676419,0.806767067,2.501229327,4.430959734
M9890,Macro,_,680,580,520,430,420,320,300,280,340,400,550,440,440,430,420,330,200,280,_,_,688.159779,648.3095559,604.2301775,536.9053447,541.2995659,521.4633301,527.5516159,515.3903932,534.2912204,577.8862724,579.7359808,555.5681155,537.0857789,528.8911247,477.5778379,429.3463893,437.6323467,421.821544,_,30.02608816,_,59.03890545,26.43117802,59.03878201,62.25140687,50.71147862,181.1469834,135.9507068,_,21.93731438,69.27932637,59.51157009,52.28337481,54.84952795,69.2011152,_,_,_,1.596472511,_,4.006523955,1.46668966,4.006511406,4.346224867,3.205491568,4.757454362,3.832998423,_,1.139242758,5.191845056,4.07905577,3.345779363,3.599963003,5.12072579
M9891,Macro,_,2740,2760,2340,2300,2440,2420,2400,2460,3280,3610,4090,3980,3780,3460,3140,3060,3180,3020,_,_,1863.704657,2138.030922,2259.056609,1915.261163,2085.073031,2271.777316,2348.746616,2313.409745,2288.058808,2398.239926,2584.811045,2690.993361,2418.045736,2469.624981,2457.578951,2277.420122,2387.386781,2457.400636,_,25.29631401,_,18.81359713,13.44099244,18.81338562,15.88696367,14.66192586,179.5372148,155.2081987,_,28.99056464,21.06142185,30.12152787,25.5872525,22.93576153,32.13290032,_,_,_,2.972974359,_,2.348661353,1.710906185,2.348637596,2.00860508,1.861019092,11.993034,11.06691908,_,3.372131118,2.591865931,3.399462417,3.040761102,2.785436518,3.674954556
M9892,Macro,_,1890,1770,1530,1320,1280,1380,1460,1400,1690,1690,1960,1740,1840,1650,1420,1320,1360,1420,_,_,1955.903545,1964.55118,1818.418903,1758.169225,1875.808049,1969.607321,2118.204299,2129.292984,2240.131591,2364.534218,2230.249469,2246.61577,2045.962782,2071.371025,1922.743375,1857.755213,1984.702409,2086.086665,_,26.81831829,_,38.07288859,26.54442234,38.07217298,39.30300045,34.70643405,161.634383,134.2583795,_,27.48327895,82.66441486,43.03394654,56.30397473,27.9830415,16.15480812,_,_,_,2.174802348,_,3.297897898,2.143383942,3.297819778,3.433753708,2.939180407,6.34494693,5.581260676,_,2.232357357,10.71816817,3.896814117,5.615779881,2.264673443,1.194034793
M9893,Macro,_,1520,1340,1280,1260,1310,1420,1380,1440,1440,1340,1300,1180,1000,930,1000,1020,1240,1080,_,_,1508.520032,1535.911811,1411.431878,1323.229998,1313.801517,1357.803165,1328.877057,1326.667003,1344.467489,1322.238972,1290.292072,1286.685442,1386.733531,1361.836952,1267.998098,1193.609851,1185.62877,1222.826927,_,10.53741185,_,11.37640125,11.55241315,11.37639702,10.64710975,10.46688646,30.26384382,25.94679396,_,28.13732372,148.4917804,16.60793835,53.99321164,12.71220232,32.84202593,_,_,_,0.842579371,_,0.908119658,0.924060276,0.908119658,0.847650591,0.834161909,2.163707869,1.860334813,_,1.994087584,9.048504274,1.413882032,3.16546827,1.027804164,3.116393604
M9894,Macro,_,1930,1840,1580,1320,1440,1680,1420,1650,1660,1570,1570,1610,1260,1200,1100,1000,890,1080,_,_,1863.326232,1772.736083,1664.153576,1524.259976,1624.565606,1899.07959,1911.237664,1865.443127,1817.224683,1773.242339,1693.534657,1672.831991,1655.88583,1579.428897,1487.403981,1368.200673,1453.745821,1685.9835,_,18.49153144,_,25.0961786,11.9840779,24.64425114,16.24775468,16.06256813,40.13305755,42.9030023,_,12.65340251,104.8037048,19.22610247,25.91363953,32.62455432,42.44724106,_,_,_,1.043234009,_,1.48404904,0.651668767,1.489046312,0.880560082,0.870182021,1.75209674,1.908143961,_,0.659924155,3.450414019,1.111462506,1.156419414,2.062465518,2.892608751
M9895,Macro,_,2400,2230,1740,1560,1380,1700,1740,1800,1870,2040,2160,2520,2490,2200,1660,1410,1520,1670,_,_,2304.448068,2205.902547,1975.354035,1841.29572,1968.053716,2155.515721,2341.962498,2328.844984,2330.275267,2332.295937,2392.824855,2290.76925,2364.850289,2242.278032,1981.665036,1847.017289,1974.3322,2162.644016,_,17.03017758,_,20.32960703,15.688287,14.07456375,20.08002369,18.23438746,96.28200831,90.29595302,_,71.40083034,29.70970342,21.59124456,31.81885608,14.78106673,20.63575641,_,_,_,1.478620005,_,1.782349038,1.354872514,1.208704138,1.75707564,1.576435263,5.475842554,5.207245816,_,3.781319186,2.226056182,1.668151031,2.20692227,1.291407514,1.813615134
M9897,Macro,_,2840,2580,2560,2560,2710,2710,2830,2580,2280,2380,2430,2260,2270,2420,2420,2500,2780,2620,_,_,3481.647272,3462.425421,3351.76978,3069.560546,3159.796039,2895.077715,2772.134712,2802.910244,2693.596847,2604.849512,2639.581577,2673.290743,2949.557553,2939.995503,2897.22185,2663.894266,2738.629324,2519.011012,_,14.0288921,_,22.26695446,18.58313945,22.26595858,21.9154423,20.94167291,10.88738158,9.914487642,_,14.94690281,79.28503072,31.1780382,49.25715194,13.5371976,36.12436422,_,_,_,1.239515651,_,2.010437869,1.641765328,2.010335643,1.974389221,1.875496731,0.88166899,0.754573549,_,1.296461563,11.72016074,3.231253656,5.414479956,1.161473052,3.553281385
M9898,Macro,_,1180,1170,1040,900,920,1030,1120,1140,1160,1060,1020,1020,980,910,830,740,770,680,_,_,1120.961865,1099.420444,916.9002616,882.5480533,891.1391306,1100.858329,1073.861104,1118.548788,1112.964518,1105.14481,967.2620492,968.5015743,895.8767314,880.6250503,725.6489106,696.6385746,703.8885839,881.8510551,_,7.063958255,_,22.70568998,11.51676557,20.68443356,22.70608694,18.84135297,47.96315615,45.3798684,_,14.16746752,64.6911493,17.38476938,35.98668049,13.87787692,34.36041161,_,_,_,0.471439328,_,1.738912732,0.802981047,1.671037651,1.738949191,1.395342881,2.690296612,2.543435802,_,1.001268707,7.28397711,1.373625371,3.118893476,0.979564889,2.87119777
M9899,Macro,_,920,970,1000,1160,1120,1040,1000,820,870,950,990,940,880,860,840,760,640,570,_,_,933.8855175,910.5877241,917.0211066,898.1527115,904.4283803,872.793772,908.2054692,931.6316669,894.4726166,913.1592579,907.8118236,866.3803778,834.8370019,809.9047834,815.491203,798.4033647,804.0861978,775.4463763,_,11.05709901,_,13.59917986,14.44538589,13.59904451,10.53958504,10.22884952,74.31184397,56.59479546,_,12.68484171,39.37711267,34.28936512,25.02507889,12.20078792,20.71740068,_,_,_,1.090413868,_,1.35276861,1.409892296,1.352753362,1.03024894,1.002114034,5.505390755,4.384741262,_,1.245555527,5.105610561,4.342422043,2.819990927,1.199074545,2.199877344
,,,,,,,,,,,,,,,,,,,,,,,,,,,,,,,,,,,,,,,,,Macro,22.57669539,,27.04516595,34.57377053,27.60960907,26.42257362,25.58320247,53.67332372,45.79003984,,23.09653805,54.10324617,30.66751757,29.83271964,28.59549218,35.49437716,,,,3.207066081,,3.789482928,4.774620392,3.795874873,3.634064677,3.571757431,4.872533835,4.364482732,,2.868740366,7.04521922,4.683962678,3.814349504,4.18557701,5.421506609